X1,X2,X3,X4,X5,cat1,cat2,y
0.4967141530112327,-0.6650348354818605,,3.0,1.6477329928980433,A,high,1
-0.13826430117118466,-0.7908643193311995,,2.0,-3.7990277597369637,A,low,1
0.6476885381006925,0.2728604990872734,,2.0,5.3426951508749525,A,med,1
1.5230298564080254,0.4129514529738023,,1.0,0.19724864020565103,A,low,1
-0.23415337472333597,-0.9368277103487159,-1.7572301520822342,3.0,3.011470864945598,B,low,1
-0.23413695694918055,0.8724244924873796,0.14251985039362758,2.0,1.8265977277035825,B,low,1
1.5792128155073915,-0.8960574326970552,1.8407241091292394,3.0,4.51523811271872,C,med,1
0.7674347291529088,0.08259267060214093,,3.0,2.812112244856162,A,low,1
-0.4694743859349521,0.41812103890183283,,,1.5301514569580508,C,med,0
0.5425600435859647,0.7419382474921712,0.808824523255623,6.0,0.21296981496143963,,high,0
-0.46341769281246226,0.4281738642648556,-0.6405665749195747,3.0,3.595701402764278,C,low,0
-0.46572975357025687,0.6034561661395836,-0.794879475687338,5.0,-1.7468826079092334,A,med,1
0.24196227156603412,-0.3210996149143879,0.7403971691911564,2.0,3.2917808405517848,A,low,0
-1.913280244657798,0.6296502274930245,-2.5444394289042136,2.0,,C,low,0
-1.7249178325130328,-0.8397703072306497,-2.05666655950837,4.0,4.50456732391328,A,med,0
-0.5622875292409727,0.7896333121210553,-0.47894504470824173,,,B,high,0
-1.0128311203344238,0.09518475230747248,-1.825857687803131,2.0,3.2882475357002177,B,med,0
0.3142473325952739,0.6345955399249874,0.03181157254899092,1.0,2.1639776276494387,B,med,1
-0.9080240755212109,-0.09536343096339972,-2.311287666891489,,-1.5047541902819934,B,low,1
-1.4123037013352915,0.28715539039304994,-2.766945828309157,3.0,0.2785416732093231,B,low,1
1.465648768921554,0.05280532187222642,2.358439139824186,4.0,3.3447786752227646,A,med,1
-0.22577630048653566,0.46317904351066375,0.1472875826404953,1.0,2.333311634719688,B,low,1
0.06752820468792384,-0.8367400359388208,-1.1076730619535913,3.0,4.361979810611344,C,low,0
-1.4247481862134568,-0.8792958320188724,,4.0,2.8065491260743434,A,med,1
-0.5443827245251827,-0.5057935319797071,-1.3110013786193473,2.0,0.06659621859468046,A,low,0
0.11092258970986608,-0.6809106397736233,,2.0,0.407871724558732,B,low,1
-1.1509935774223028,0.7435671331844034,-0.5485964854135403,2.0,2.2058347810464745,B,med,1
0.37569801834567196,-0.5615720252839114,0.7311806728093182,4.0,-2.6280881320002107,B,med,1
-0.600638689918805,0.9517305116382626,,5.0,5.34688377124597,A,high,0
-0.2916937497932768,-0.3262084164577863,-1.046240945626452,2.0,2.8834934727551147,B,med,1
-0.6017066122293969,-0.6357641686226014,,2.0,4.454069194097745,A,low,0
1.8522781845089378,0.5793970142849583,2.7085391242846755,4.0,-1.161207881618338,B,high,1
-0.013497224737933921,0.3174155510017522,,0.0,4.489130320710512,C,med,1
-1.0577109289559004,-0.003608567093722037,-2.0819604405563035,,,A,low,0
0.822544912103189,0.11072710187526247,1.2235524355462624,0.0,-0.6417567107546351,B,low,1
-1.2208436499710222,0.4384035565445277,-1.5736377552048852,,3.542803589807533,C,med,0
0.2088635950047554,-0.5430905173374025,-0.07067785706560743,2.0,2.002219889374586,B,med,0
-1.9596701238797756,0.9926678321134839,-2.7681725601746514,1.0,,C,med,0
-1.3281860488984305,0.9495863242935663,-1.4331585752174987,,2.9857679437037397,B,med,0
0.19686123586912352,0.30065137269387376,,5.0,3.667206409674697,C,med,1
0.7384665799954104,-0.6009150981417097,,1.0,,A,high,1
0.1713682811899705,0.36045648486258264,,4.0,,A,med,1
-0.11564828238824053,-0.8556031820416483,-0.6505680807453158,0.0,-1.3335268135783953,A,low,1
-0.3011036955892888,-0.9386949955883879,-0.9115782297057033,6.0,,B,high,0
-1.4785219903674274,-0.48463422297757264,-2.1059928854116485,5.0,2.2731947911775046,C,low,1
-0.7198442083947086,-0.07475408652136739,,,2.0507705559445433,A,med,0
-0.4606387709597875,0.736545010816761,0.1538826659253218,,0.5668530231517896,B,high,0
1.0571222262189157,0.45433813953261604,1.9564144916955937,,3.6191888719437717,B,med,1
0.3436182895684614,0.4854130423999621,0.4519152682324542,4.0,3.0617886284318985,B,med,0
-1.763040155362734,-0.1490133311038493,-2.5383151359929745,2.0,3.716278141868032,A,low,0
0.324083969394795,-0.30813001490607417,-0.23980215702117547,1.0,1.7537271292954648,B,low,1
-0.38508228041631654,-0.2579224740307946,-0.6523048047516106,3.0,3.205160535956682,A,low,1
-0.6769220003059587,0.9752991274721157,-0.5443484320451107,,1.108699393940011,A,med,0
0.6116762888408679,-0.919781617175035,0.3535651960375145,6.0,6.107637380173191,,med,1
1.030999522495951,0.7340629922448971,1.8492620241469095,,0.3749084597560284,A,med,0
0.9312801191161986,0.15735081714478683,0.5346710644978715,3.0,6.210594858916624,A,low,1
-0.8392175232226385,-0.12276916162081908,-1.594573319514848,5.0,2.069775894178817,C,low,0
-0.3092123758512146,0.450515320830273,-0.19213845279112798,,-0.7510217791374854,A,med,1
0.33126343140356396,-0.0266621171505943,0.563492284528749,3.0,4.736158700977202,B,low,1
0.9755451271223592,0.7468464761633211,1.32290335830222,,,A,med,0
-0.47917423784528995,0.801403728022517,,2.0,,A,med,0
-0.18565897666381712,-0.15655814625308917,,,4.447711837085187,A,med,1
-1.1063349740060282,-0.44634440552989685,-1.3979460635106222,7.0,2.6759111082900504,A,low,1
-1.1962066240806708,0.18470065718672446,-1.4883624265918016,,,B,high,1
0.812525822394198,0.8247266912333819,1.3080384242860863,3.0,3.9514267553385003,B,low,1
1.356240028570823,-0.5786756219886668,2.632677678166657,3.0,2.001511014909191,B,high,1
-0.07201012158033385,0.24593316712696556,-0.581867014685258,1.0,3.371715637216838,C,low,0
1.0035328978920242,0.2631204401850411,,1.0,-2.3074611475829228,A,low,0
0.36163602504763415,0.46622604483056196,1.2758582190082213,2.0,2.893963434019704,B,high,0
-0.6451197546051243,-0.7368646297454804,-1.671422051318749,2.0,0.7228283497099397,B,low,0
0.36139560550841393,0.4316499293641771,,,5.306619274357061,C,med,0
1.5380365664659692,0.818065041331282,,,3.2461746957781905,A,high,1
-0.03582603910995154,-0.6406337822595161,,3.0,,B,high,0
1.5646436558140062,-0.5249133501522447,2.2146697280304974,3.0,2.972619986700443,C,high,1
-2.6197451040897444,0.9427901880832792,-3.5253769328282507,4.0,0.0031182942465635133,A,low,0
0.8219025043752238,-0.6380460945810205,1.3192348458522165,2.0,5.246513381056108,C,med,1
0.08704706823817122,0.7087701867391583,0.8817000560029424,3.0,5.982740836833809,A,low,1
-0.29900735046586746,-0.01544428710393042,,4.0,2.7858270210964324,B,low,0
0.0917607765355023,-0.5055378511936459,0.5370423606455068,2.0,5.180807137147277,C,high,0
-1.9875689146008928,0.7414998025450228,-3.4418494646466655,3.0,0.8617036026549323,B,low,0
-0.21967188783751193,-0.10938948999466902,0.13207052541722625,,0.4057728675500385,B,med,0
0.3571125715117464,0.029634707859380383,1.1138387796111013,4.0,,A,med,1
1.477894044741516,-0.2815332612004686,1.5305912214044404,1.0,,C,med,1
-0.5182702182736474,0.18590170286985486,-0.8898616199528361,3.0,1.2120266375137592,B,high,1
-0.8084936028931876,-0.6729522548299545,-2.1020688659977265,5.0,3.075536380736968,A,low,0
-0.5017570435845365,-0.21783692669647858,-0.9690145438694118,2.0,,B,med,0
0.9154021177020741,0.938824644670575,1.688498356795528,4.0,,B,high,1
0.32875110965968446,-0.4837331345977449,,2.0,3.0375860349034425,A,low,1
-0.5297602037670388,0.3134733290825844,0.017250731950538167,1.0,3.7270564850430423,A,low,0
0.5132674331133561,-0.34961987155061025,1.2929331192897071,3.0,2.342938635180782,A,med,1
0.09707754934804039,0.5469462513732013,0.13800543641951019,4.0,4.305296206523385,B,low,0
0.9686449905328892,-0.7382526785633003,0.9792302096454197,7.0,-0.43480758699390387,B,low,1
-0.7020530938773524,0.9396420901570894,-1.424977691847959,4.0,,B,high,0
-0.3276621465977682,-0.0924209172327215,,6.0,-0.3405614127935497,C,med,1
-0.39210815313215763,-0.5278990733070721,-0.36968594980304376,4.0,,C,high,1
-1.4635149481321186,-0.8530065053399747,-1.8139842630940495,1.0,0.73813833252442,B,high,0
0.29612027706457605,-0.6604841898249185,-0.5032361152555562,1.0,0.11587963285151015,A,med,1
0.26105527217988933,0.039547897112035324,,7.0,0.9040083625177244,B,low,0
0.00511345664246089,-0.3259936471374274,,4.0,1.5716993785776225,B,low,1
-0.23458713337514692,0.6577667317652189,,,3.674308972662769,B,low,0
-1.4153707420504142,-0.13822495267638812,-2.5969703493746383,3.0,1.3576819225885952,B,high,0
-0.42064532276535904,-0.5025714548247402,-0.6702231893283638,3.0,-1.1712514135391854,A,low,1
-0.3427145165267695,0.2342899732080601,-0.6338464617215822,3.0,4.280135692990321,C,low,1
-0.8022772692216189,0.4135544337708916,-1.0038648223861222,1.0,0.3258197327699208,A,med,0
-0.16128571166600914,-0.6659161841981003,-0.30174453559621406,1.0,1.8825591457907425,B,low,0
0.4040508568145384,-0.6647615674233647,0.27690663641559415,,2.893073013881423,A,low,1
1.8861859012105302,-0.9266571461329141,2.147757333486054,0.0,2.3992208368055654,C,med,0
0.17457781283183896,0.47280403013128103,0.44346383235048353,3.0,4.1883590950429515,A,low,1
0.25755039072276437,0.32760905524361017,0.505948634103284,3.0,2.9580062867855177,A,low,1
-0.07444591576616721,-0.05073824850037223,-0.3220435128405008,0.0,0.27738084060578405,A,low,1
-1.9187712152990415,0.6883408979383943,-2.6633844053129163,2.0,6.357124347983324,A,med,1
-0.026513875449216878,0.6113403059001064,1.0652229250285863,,2.3886669266764664,A,med,0
0.06023020994102644,0.1707087287935043,0.45615940327891114,2.0,1.7053195467569875,B,low,1
2.463242112485286,0.7365425610265173,,4.0,3.927850846111142,B,med,1
-0.19236096478112252,-0.5883175799264635,,4.0,2.4989018918601444,A,low,1
0.30154734233361247,-0.7761607612045442,,1.0,,A,high,1
-0.03471176970524331,-0.46050077696602076,0.3042442757524453,,6.984367997201374,C,low,0
-1.168678037619532,-0.8858262878213703,,3.0,1.4497571434899066,B,med,0
1.1428228145150205,0.06233905600206402,,2.0,1.3644782119652084,B,high,1
0.7519330326867741,0.873211384589923,1.7883637042302614,2.0,,B,high,1
0.7910319470430469,-0.9213129186629807,-0.05954661480116963,3.0,4.143031871162077,A,low,1
-0.9093874547947389,-0.7557801719799464,-2.3053550026369845,2.0,-1.0130680603807982,A,low,1
1.4027943109360992,-0.09560194343312944,1.4594279914880564,3.0,-1.9311117829530104,A,med,0
-1.4018510627922809,0.8677500350558098,,2.0,0.8257694587597049,C,low,1
0.5868570938002703,-0.367687790046499,,1.0,,C,high,0
2.1904556258099785,0.014469617376784871,4.408568320499676,0.0,1.150337304948723,B,med,1
-0.9905363251306883,-0.9168542818992158,-1.625206077925262,3.0,3.0049993922585805,A,med,0
-0.5662977296027719,-0.7033135980758223,-0.9506811559698405,4.0,0.21850227289547286,A,low,1
0.09965136508764122,0.9732602459176938,,4.0,-0.8536531535626848,A,med,1
-0.5034756541161992,0.9302373928720911,-0.561431684605264,3.0,,B,med,1
-1.5506634310661327,-0.9901200381311808,-3.214947041618909,3.0,3.7250869692303406,,high,1
0.06856297480602733,0.9036235708464779,,,-1.3899468770332253,C,low,1
-1.0623037137261049,0.2782398756310007,,4.0,3.640464796611968,A,low,0
0.4735924306351816,0.7358365890400442,0.8422616516242308,4.0,3.634612407476652,C,low,0
-0.9194242342338032,-0.0905202887322818,-2.4140464009047395,,3.9081702043132562,C,low,0
1.5499344050175394,0.031192057158500486,2.714452764164326,1.0,4.4369604297433725,C,med,1
-0.7832532923362371,-0.022306839486159635,-1.7224048711173388,4.0,6.404027849319232,B,high,0
-0.3220615162056756,0.3337285150922087,-0.19660458470683426,2.0,1.2878159027618896,B,low,0
0.8135172173696698,-0.7206974904873742,1.8969684156858042,4.0,2.219143160155716,B,high,1
-1.2308643164339552,-0.9400528202546441,-2.776015180571467,5.0,,B,low,0
0.22745993460412942,-0.38414011681761817,-1.1160239178757798,2.0,2.0039536895116217,B,low,0
1.307142754282428,0.4093615254732934,,4.0,5.065746711272624,C,low,1
-1.6074832345612275,-0.5962930957541033,-2.1588915822196073,1.0,-0.6900289678613376,B,low,1
0.1846338585323042,0.3468648666498346,1.4295569482336705,2.0,,C,high,0
0.25988279424842353,0.9398240922145409,,4.0,4.754361873009122,C,low,1
0.7818228717773104,-0.8121985684211632,1.014984635073645,1.0,4.04007301380418,A,med,0
-1.236950710878082,0.34520423645025256,-1.9154791764820234,1.0,1.273736706365844,A,low,0
-1.3204566130842763,-0.1124995613908577,-2.089908877473911,0.0,3.7088040022414397,B,high,1
0.5219415656168976,0.7362845087550107,2.4732262763113693,3.0,2.6824316849840666,B,low,1
0.29698467323318606,-0.6457004211052282,-0.6288583649004116,3.0,5.000549218001976,C,low,1
0.25049285034587654,0.38525190445232904,0.6952350584922661,,2.149019187653545,B,low,0
0.3464482094969757,0.6762305792962204,1.0916341897762905,2.0,4.051264227745165,B,low,1
-0.6800247215784908,0.8892284389480465,-0.032529700424039465,3.0,7.28402382098524,B,low,0
0.23225369716100355,0.36649605657929163,,,,A,high,1
0.29307247329868125,-0.005650471983145389,,2.0,2.0986563315896873,B,med,1
-0.7143514180263678,0.2356944804024277,-1.1495041705492333,2.0,,C,med,1
1.8657745111447566,0.7378099689574364,,2.0,1.2694382835922302,A,med,1
0.4738329209117875,0.14121949327765937,0.6097629902578057,4.0,6.775935411049464,B,low,1
-1.1913034972026486,-0.9392258806063263,,1.0,,B,low,0
0.6565536086338297,0.8618973910139556,,4.0,,A,high,1
-0.9746816702273214,0.37905350206312227,-1.0839455573583276,3.0,0.32862198995992764,A,high,0
0.787084603742452,0.353026771554493,,3.0,4.194440383212877,C,high,0
1.158595579007404,-0.5686496952045657,2.0165936462949077,5.0,3.7343748256554776,A,high,0
-0.8206823183517105,0.3177709404653144,-1.0978348690891515,3.0,1.0052912571718136,A,low,1
0.9633761292443218,-0.21227118869168304,,1.0,3.1529026902448454,A,low,1
0.4127809269364983,0.30246595408298416,,1.0,-1.0171119364257128,B,low,0
0.82206015999449,-0.7868139393840186,0.3868171198684162,3.0,2.3699411501463126,B,low,1
1.8967929826539474,0.31569060920607206,,5.0,2.905512704153389,B,low,1
-0.2453881160028705,0.9988274515413331,-0.16649909525538525,4.0,5.414659619118446,A,low,0
-0.7537361643574896,-0.9035759222788879,-0.8951731610902698,,0.4583623945426212,C,med,1
-0.8895144296255233,0.9543483684426346,,,-0.5567052576046487,A,high,1
-0.8158102849654383,-0.18618407855425878,0.25206680010471016,0.0,0.20914407814991653,A,med,1
-0.0771017094141042,0.7415069006745183,,4.0,,B,high,0
0.3411519748166439,0.5647709681165469,,2.0,4.673314715517966,A,low,0
0.27669079933001905,0.1340325219733356,0.4546054596735532,,5.097278590048074,C,low,1
0.8271832490360238,0.476898418502653,1.6220011202341909,1.0,2.6404331558976577,C,med,1
0.01300189187790702,0.7570311226026958,0.6585796133078776,,4.442589891370297,A,low,1
1.4535340771573169,-0.19171935669793405,2.4070492303620368,1.0,2.2679167611604707,C,low,1
-0.2646568332379561,-0.3459336768735226,-0.29214985529197124,3.0,1.809776704598468,C,low,1
2.720169166589619,0.33518677112716944,,,1.3339247618924768,C,low,0
0.6256673477650062,0.6156918838825172,1.1476777534351048,3.0,1.379218017244869,A,med,1
-0.8571575564162826,0.5245702695532315,-1.0990878416745637,,-1.0956031126180625,B,low,0
-1.0708924980611123,0.595627297717269,-1.4059792384093746,1.0,2.5285095272146783,A,med,1
0.4824724152431853,-0.128833370374134,,4.0,1.9193321795719125,C,med,0
-0.2234627853258509,0.6356684323500432,,4.0,3.4907214481557514,A,low,1
0.714000494092092,-0.7595818892587831,-0.7789845208233938,3.0,2.1870469928772196,B,low,1
0.47323762457354485,0.08897819592169909,1.0822959230860474,1.0,1.6745925968618165,A,low,0
-0.07282891265687277,-0.9884826790037569,-0.5061166111278002,4.0,0.2576139399847386,A,low,0
-0.846793718068405,-0.3508283401994594,-1.4549591254252858,2.0,,B,med,0
-1.5148472246858646,-0.26707693025720425,-2.600068528701842,4.0,3.476474461632324,C,med,0
-0.4465149520670211,-0.20765461678148922,-0.2115433764982695,1.0,-0.28667798216772145,B,med,0
0.8563987943234723,0.39093441337972434,1.9538286292364995,5.0,2.1749475073614786,C,low,0
0.21409374413020396,-0.22288379745930853,-0.1767401164461529,,2.4660859030589677,A,med,1
-1.245738778711988,-0.1026127547549387,-1.7163884018831839,,0.5638704327634714,B,med,0
0.173180925851182,-0.5249117382513451,-0.48851284761954256,2.0,0.8242873901839995,B,low,1
0.3853173797288368,-0.25349641674131984,,1.0,,A,med,1
-0.883857436201133,-0.545460745473697,-1.9118751393335305,,-0.26684203658524597,B,low,0
0.1537251059455279,-0.8536081524631127,0.23498031887811488,1.0,2.699847430498785,B,med,1
0.058208718445999896,0.2068971867627558,0.6673241937384211,3.0,0.20929125268159998,B,med,1
-1.142970297830623,0.3364255971100325,,2.0,4.125707386066432,B,low,0
0.3577873603482833,0.238980692019229,1.018719279956038,3.0,6.6756554907766,B,med,0
0.5607845263682344,-0.0730119123988553,1.0627599769104032,2.0,0.27848639659636065,A,low,1
1.083051243175277,-0.24042843964154037,,5.0,3.0684157247493493,A,low,1
1.053802052034903,0.7266672991436505,2.15999799996115,4.0,0.5465161902359614,B,high,0
-1.377669367957091,0.03816357027243611,-1.647217504185577,5.0,4.081908347595579,A,high,1
-0.9378250399151228,-0.041636244740538064,-1.0504100173361661,2.0,-0.5305168181704301,A,low,0
0.5150352672086598,-0.9487158683871286,,3.0,2.961173516855425,B,low,0
0.5137859509122088,-0.3175043447476873,0.9660786775950014,2.0,0.25402206622129464,B,low,1
0.5150476863060479,-0.23960876242828588,0.8284912520157204,,1.5860308218032624,A,low,0
3.852731490654721,-0.20235443820619903,6.212995136037196,,,B,high,1
0.570890510693167,0.16034473845466457,0.9232475056425528,,,B,high,1
1.135565640180599,0.06720509345375691,,7.0,0.3260392911208261,A,med,1
0.9540017634932023,0.21581018558688925,,,3.103928518663655,C,low,0
0.651391251305798,0.5297665230842565,,3.0,1.3118039434753341,B,med,0
-0.3152692446403456,0.625971477432187,-0.49750726573161574,,1.7710552564022741,B,low,0
0.7589692204932674,0.4362461524529888,,1.0,,B,high,1
-0.7728252145375718,0.9110473919098694,-1.0999240863514037,1.0,0.4763506566823026,A,high,1
-0.23681860674000887,-0.9635348346472767,-0.9909760922531718,2.0,2.4207342270817738,B,med,1
-0.48536354782910346,-0.6084440286329078,-1.979074669537002,3.0,,A,low,1
0.08187413938632256,-0.9848742500437158,,,0.4438104283345714,C,low,1
2.3146585666735087,0.294949428309206,3.620065301845978,1.0,4.34362028654769,C,low,0
-1.867265192591748,0.7960610978999738,-2.81141155547173,,,B,high,0
0.6862601903745135,-0.5130354068474015,,1.0,0.3676900219439121,A,low,1
-1.6127158711896517,0.8540690895926133,,3.0,-0.9101092101811039,A,low,0
-0.47193186578943347,-0.8794652194208783,-1.9514103405790761,3.0,2.6039218003435294,A,low,0
1.088950596967366,0.8688720536110286,,,0.905184954466254,B,high,1
0.06428001909546277,-0.2967546255207312,-0.43652845901082055,2.0,5.737206438326005,A,low,0
-1.0777447779293061,-0.797158343101567,,4.0,2.0696150809996645,B,high,1
-0.7153037092599682,-0.02825648162734873,-0.6723463837377524,2.0,0.3956011839296416,A,high,0
0.6795977489346758,-0.4864468645589841,0.6792601217361199,0.0,-0.29431902202342286,C,high,0
-0.7303666317171367,-0.43025419607615434,-1.4429344662690875,4.0,4.179809918181661,A,low,1
0.21645858958197486,-0.38542007014742685,-0.8699533329041278,,0.8576320518316269,C,low,0
0.045571839903813784,0.6060517956653269,0.6890926727929974,2.0,2.0876575989208566,C,low,0
-0.6516003476058171,0.07832255335050897,,,3.9116054902249617,B,low,1
2.1439440893253257,-0.3773846016879927,,1.0,1.0314832961383396,B,low,1
0.6339190223180112,0.22066756662183673,1.1999007857670312,5.0,1.9081423425196786,B,med,1
-2.025142586657607,0.4323013484463871,-2.141233907843892,,1.9668631803549599,B,low,1
0.18645431476942764,-0.45475199853293247,-0.6021047266718809,4.0,3.366649023032184,A,high,0
-0.661786464768388,-0.17290179694929697,-2.588886673537643,3.0,3.1814886710206514,A,low,0
0.852433334796224,-0.7562278133261049,0.9924608679081308,6.0,1.559772537490343,B,med,0
-0.7925207384327007,-0.6377013009306394,-0.607376167358944,2.0,2.1272981229930354,B,med,0
-0.11473644146689901,0.3622357079299656,0.6284863682343529,,1.256441976953023,B,med,1
0.5049872789804571,-0.6371233046087461,0.5437489738036255,2.0,-0.9552248138388895,A,high,1
0.8657551941701215,0.05032676733412034,1.0779780821062188,5.0,2.515201714796259,A,med,1
-1.2002964070557762,0.41809252344486536,-1.1878370505425764,3.0,,A,high,0
-0.3345012358409484,-0.7862461538105123,-1.381648030518913,3.0,0.23256171861787434,A,low,1
-0.4749453111609562,0.1346244392578071,,3.0,0.453940580794594,A,med,0
-0.6533292325737119,-0.4868744325972725,-0.9706959855758905,1.0,0.25854445671251725,A,low,0
1.7654542402810969,0.9258537504751596,,3.0,3.4491835574462453,A,low,1
0.40498171096095553,-0.03290870656015055,1.970848232616897,6.0,,C,low,0
-1.2608839543350452,0.6119850995503162,,3.0,1.6829246151670865,A,low,0
0.9178619470547761,0.10045308431252353,,1.0,0.16396187672207008,B,low,0
2.1221561970126332,-0.9131749342903617,2.713859672277772,3.0,2.1847535832798486,A,low,1
1.0324652605511468,0.2663027511880447,0.7973113139761834,3.0,-1.1292442546716086,C,low,1
-1.5193699659540134,0.902806684413314,-2.1750081722688925,2.0,2.2868531337149864,B,high,0
-0.48423407286625136,0.20322364029266238,-0.8293805082095979,3.0,3.743048772175868,A,low,1
1.2669111491866227,0.6383777188535804,1.957511384239428,0.0,-0.5023982732673558,B,med,1
-0.7076694656187807,0.7684129266968156,,,-1.0650365536593274,A,low,0
0.44381942814622843,-0.543840456102135,-0.01740105202282516,,5.158875783389719,B,high,1
0.7746340534293368,-0.5759103201835467,1.4345112537144675,1.0,,A,high,1
-0.926930471578083,0.22196197770198345,-1.2793111860570343,,,C,med,0
-0.05952535606180008,-0.17794306038659058,-0.1829097248553026,2.0,,B,med,1
-3.2412673400690726,0.6797226057334407,-4.6859870654933475,2.0,1.6760903661173452,A,low,0
-1.0243876413342898,0.8000462467960223,-1.0589629966739342,3.0,2.8768253989932906,B,high,1
-0.2525681513931603,-0.2931572413945638,-0.11288171545320497,4.0,0.23200228650711874,A,high,1
-1.2477831819648495,-0.5262588820510359,-2.5683693218282424,,,C,high,0
1.6324113039316352,0.5610510304877236,2.4000842266036866,,1.2370211703518144,B,med,0
-1.4301413779606327,-0.4503879289037278,-2.522269045781145,3.0,-0.640986886810063,B,low,0
-0.44004448669698376,0.6452286370273568,,3.0,,A,high,0
0.13074057728609134,-0.15252349270247434,-0.28977981028284905,3.0,1.4733843862441676,C,low,1
1.4412732890661155,0.3350997985829409,2.091349396118314,5.0,1.6859503431105844,B,med,0
-1.4358621511794394,-0.8089293723306636,-2.1210633225781272,5.0,-0.4203218868283156,A,low,0
1.1631637521549596,0.24771864935314603,1.999885617409975,4.0,,A,high,1
0.010233061019587049,-0.09646464252554177,0.06391222595038187,4.0,3.753428372772232,A,low,0
-0.9815086510479509,0.1732169263509482,-0.9602055323124661,2.0,3.9283117683439572,C,low,0
0.46210347426327075,-0.6639715845102732,0.2924835249400712,6.0,,A,med,1
0.19905969557347003,0.47374748988836424,0.730695713268832,3.0,-1.4583657790068405,B,med,1
-0.6002168771587947,0.7255941550864571,,2.0,5.905834764979021,A,med,0
0.06980208499001891,-0.5665203998184487,-0.045875897724381776,6.0,1.8778049839882638,A,low,1
-0.3853135968617602,-0.8085708889596765,-1.2736351685782696,4.0,0.5024004079598925,B,low,1
0.11351734525124804,-0.9527228279073272,-1.525493975215006,3.0,2.833603148966228,C,med,1
0.6621306745210467,0.283943000886532,,3.0,,B,high,1
1.586016816145352,0.21418807217756153,,6.0,1.9538988878290675,C,high,1
-1.237815498826849,0.09339482542814004,-1.3469181344054073,4.0,4.557150335878749,B,low,1
2.1330333746562666,-0.5361058077680492,3.414195900395961,2.0,4.165999877033737,A,high,1
-1.9520877995225019,-0.21818800818897066,-2.4191603424751293,1.0,-0.1527623748041167,A,low,0
-0.15178509503558332,0.1889526703723461,-0.08887251188648321,,0.6524197886810472,B,med,0
0.5883172064845765,-0.00646628228166124,0.977900522288832,4.0,3.9150743265595347,C,low,1
0.28099186773503265,0.9755710404297746,0.6004473741002612,,-3.425225127620876,C,low,0
-0.6226995198205938,-0.7271204948865337,-1.4556459551876826,,1.7010886136700225,A,med,0
-0.20812225035727522,0.3902891080951876,,2.0,-0.8616624032493436,A,med,1
-0.4930009346588328,-0.19136246379141575,-0.23324041529954898,4.0,1.0468923971329507,A,low,0
-0.5893647569442115,-0.14360077014877048,-1.0255706583312023,4.0,1.4023598219415918,,low,0
0.8496020970210246,0.43519553131635247,1.2669062787640075,0.0,1.283511244184984,C,low,1
0.35701548596504734,0.3848723026487393,0.7282233597002393,,0.8954774957747829,C,med,0
-0.6929095952606542,0.9825119874043766,-0.24750502472423552,5.0,-0.1942872992576281,A,low,0
0.8995998754332507,-0.7432114210917495,0.25586669453723043,2.0,6.583822533637372,B,low,1
0.30729952087660933,-0.7917807012316673,-1.0830315458695388,5.0,5.734924008322702,B,med,1
0.8128621188389601,0.4486776342574823,1.1683635706413897,4.0,-0.32413164051256604,A,med,1
0.6296288419236122,0.1567738340128182,0.41247396693474825,5.0,5.164233502607134,B,med,1
-0.8289950109220723,-0.45167866688038827,-1.7234019486469583,2.0,1.201069019054294,A,med,1
-0.5601810401969696,-0.8411612620220268,-1.3347423507152036,2.0,,A,high,1
0.7472936051232618,-0.8286835008071389,0.47997445276981665,0.0,1.8734520802061683,C,high,1
0.6103702654334648,0.7883817493282366,2.0359800400496884,4.0,,C,high,0
-0.020901593964148132,-0.6162653505625142,,1.0,3.9677046872122936,B,med,1
0.117327383308782,-0.3532568757689585,0.14959981688410792,2.0,2.2517730611533158,B,low,1
1.277664895788425,-0.546687195546024,1.9542573179313265,3.0,,A,high,1
-0.5915713888358299,-0.2900073883361254,-1.601777336312192,2.0,-0.6091788876009452,B,low,0
0.5470973811700379,-0.8611523145078133,,2.0,0.21280997256175915,C,low,1
-0.20219265243389406,0.03811958181654074,-0.32211133101030065,1.0,-1.2827602312041937,C,low,1
-0.2176812032272203,-0.8647748728155702,,3.0,2.0244470968303387,B,low,1
1.09877685198719,0.6007130156447231,1.412593169283069,4.0,-0.3933311845687917,A,high,0
0.8254163489880298,-0.532575836179134,0.19495722238444568,6.0,1.4688789749629176,A,med,0
0.8135096360006385,0.08002382920902118,1.6692211976179827,,4.740203707220742,B,med,1
1.305478807154329,0.7601581751229165,,2.0,4.398599145843171,A,med,1
0.02100384163275905,0.30175473809438835,-0.26864264568242247,3.0,1.9354462117947644,C,low,0
0.6819529712949639,0.0659155731026706,,1.0,1.8258305477137002,A,low,1
-0.31026675659345604,-0.3513324937692488,-0.07834898956742375,,5.759749098842017,A,med,1
0.3241663524884421,-0.33399617388360414,-0.27545450464280286,1.0,3.0415122407174224,A,med,0
-0.13014305436768459,0.33897391039638025,0.795608850274645,3.0,1.3443870802469542,C,low,0
0.09699596499271819,0.9882787224423351,0.18932294138631045,4.0,,A,med,1
0.5951570254369136,0.32367837969875723,1.3737706908089407,2.0,2.7877464363294866,B,low,0
-0.8182206832334725,0.1155668347400498,-1.3338568453546762,2.0,3.6586475451657248,B,low,0
2.0923872756854602,0.4613010204784922,,3.0,0.7366969509727122,A,low,1
-1.006017381499702,-0.0695887754325637,,2.0,2.582405510276065,B,low,1
-1.2141886127877322,-0.8797153147984296,-2.34253702961696,2.0,1.2728534101699418,B,high,1
1.1581108735000678,0.12459363175581961,1.8199227138258722,3.0,1.6319352016019946,B,high,1
0.7916626939629359,0.9152505690107604,,1.0,-2.9756441151246626,C,low,1
0.6241198170521551,-0.6493941152846807,,6.0,1.556437192567729,A,med,1
0.6283455092642799,0.3800097816413315,0.875916371481293,,3.9387386048161086,A,med,0
-0.012246772846914623,-0.598132622681887,-0.43173642828132475,2.0,0.7371948888668836,C,low,0
-0.8972543714858315,0.07165536894616253,-1.807228560059922,2.0,2.1050527364306326,,low,0
0.07580455819372633,-0.8066471007065608,-1.570783542460346,4.0,0.4880985866161591,B,high,1
-0.6771617115121117,-0.09925812748362972,-1.1608855123100668,1.0,2.720883352585546,C,med,0
0.9751197334177512,0.5123266577904921,2.9251506398283307,,,A,high,0
-0.14705738150213865,-0.30485695152203585,0.019287595934786017,4.0,0.12151691863598635,B,low,1
-0.8254971967925115,0.32982344897443605,-1.0829642605687466,3.0,4.665102935330255,A,med,0
-0.32138584165299344,0.5908999215794584,-0.3180742162938948,3.0,3.85786402706443,A,low,1
0.41293145427562433,0.8543556389589053,1.0578079472989124,3.0,0.7901864721436505,A,low,0
-0.5637245528039747,-0.5307158362890929,-0.8373851897629035,6.0,2.995576618835555,C,med,0
-0.8222203955664315,-0.20136816838138372,-1.9244210851947616,3.0,3.074824005640761,A,low,1
0.2436872114919123,-0.6951679733391651,,3.0,3.284602470022352,B,low,0
0.24496657110872277,0.9849670043167504,,,-1.3885117919901555,C,low,0
-0.5069431753711298,0.8540019358485906,0.025679067721567916,2.0,4.013213082065256,B,low,1
-0.4710383056183228,0.07991426056111917,-0.44736245874206093,,0.8606020741485372,B,med,1
0.2320499373576363,0.6840665887528425,0.6999165292598706,3.0,1.2843441331174663,B,low,1
-1.4480843414973241,0.041915954544084366,-1.814737916990534,3.0,7.2757635045204,A,low,0
-1.4074637743765552,0.24717137600551942,,2.0,2.6037467614420233,B,low,0
-0.718444221252436,-0.8217511357679668,-1.6655622552331493,3.0,1.227355049105649,B,low,0
-0.21344715171184725,0.5105408409936159,-0.3517011935194134,1.0,,C,med,0
0.3109075655980046,-0.7445730327295303,0.14500297966323505,2.0,4.779528267892712,C,low,0
1.475356216949552,0.6521352605050568,3.31361203142445,,,C,med,1
0.8576596232020194,0.5640561753407718,0.9489639846464647,3.0,-0.0068778069990069746,C,low,0
-0.1599385299634271,0.4174893954859529,-0.7649257300783843,,1.3372954018243015,B,low,1
-0.01901620790268883,-0.9276792389504758,-0.4099835107110128,3.0,4.832823583400585,B,high,1
-1.0025293646378088,-0.3937432881093428,-1.6752218400833756,6.0,3.546479973331518,C,med,0
-0.01851313599238993,-0.47377486017831427,-0.17798630189253795,,1.68432498031948,A,low,1
-0.2886586389201383,-0.2797271850569618,-0.45087495195443833,,2.6165841272776422,C,high,0
0.3227185603380895,-0.8247145064723229,-0.03988054004642981,6.0,0.7992286142577885,B,low,0
-0.827230943552323,0.8739156460621256,-0.05895687299638053,6.0,,B,high,0
0.5193465142411723,0.10760448142475254,0.032370022835876866,3.0,2.1466734895562736,B,med,1
1.5327389130025777,-0.3889513786839529,1.690384167771767,4.0,3.9375397913627066,C,med,0
-0.1087601484568576,-0.20603696585143316,-0.3177860856855267,3.0,,A,high,0
0.40171172209894146,-0.10559491899032869,-0.2718242819238358,2.0,2.9879547644112896,B,low,1
0.6901439917111125,0.2011886667212346,1.0478831187112507,5.0,1.2753048849077955,B,med,1
-0.40122047188583626,0.031358855392995544,,4.0,3.483644588780253,A,low,0
0.22409248181041677,0.8387839464288347,,2.0,1.8160630675939067,C,low,0
0.01259240078179486,-0.006073034188339488,0.1312025369378643,0.0,-0.1638287374262659,B,low,1
0.09767609854883172,0.9843160296466253,0.008589780060270114,0.0,1.1934244161781227,B,low,1
-0.7730097838554665,0.7028499154901915,-1.1162704220578428,,,A,med,0
0.024510174258942714,-0.5829789712853284,,6.0,3.8204315673294906,B,med,0
0.49799829124544975,0.8611904292878325,1.018735103133974,,1.6329436556856938,B,med,0
1.4511436077950417,-0.7672672042290478,2.433903707079923,2.0,-0.4183974224792122,B,low,1
0.9592708260852069,0.6348994169823832,2.035201477981564,5.0,2.113483366593639,A,low,0
2.1531824575115563,-0.23875341304683984,2.554668001275398,4.0,2.2269120801131046,C,high,1
-0.7673475628880495,0.755948640890139,-0.6497946346710023,,2.371675257805506,B,low,0
0.8723206367206782,0.7361133802149007,1.9256485194368602,,3.8397430319088603,B,med,1
0.18334200573835174,0.6118508002352423,1.1510129279857821,0.0,4.037846480179796,B,med,0
2.1898029332176723,0.5800608726141228,,4.0,0.8115782552366668,A,med,1
-0.8082982853551515,-0.39064172180391843,,5.0,0.7677130839021131,B,med,1
-0.8397218421807761,-0.8381614338974956,,2.0,,B,high,0
-0.5993926454440222,-0.1940396424696771,-1.62489771885818,3.0,3.3976313405609524,B,low,0
-2.123895724309807,-0.6529509700269827,-3.6293290010316923,7.0,4.8976402166754305,B,high,1
-0.525755021680761,0.3899021778049234,-0.3605022563955127,,1.3698361441821532,B,low,0
-0.759132661553698,-0.30780054692442893,,,1.5171388705500137,A,low,1
0.15039378647620763,0.9512204017198298,0.663225368752965,1.0,4.933565113797952,B,low,0
0.34175597577715944,0.28194415469066403,0.49368227938364917,3.0,3.011115706430015,A,med,0
1.8761708392158862,0.6449611272687219,,,2.87247140960211,A,low,1
0.9504238381860503,-0.7349506545163031,,1.0,-0.38183301194745356,C,low,0
-0.5769036556624031,0.7240289645452451,,,3.357456138558838,B,low,1
-0.898414671348358,0.8455143810267887,-1.728695330068172,3.0,0.14172731898048352,B,high,0
0.4919191715065057,-0.025876162362128197,,,,B,high,0
-1.3202332070206422,0.21250587550195488,-0.8622937631651661,1.0,,C,med,0
1.8314587658543537,0.5296196018059909,3.015397871964525,2.0,,B,med,1
1.179440120721287,-0.6503227454791749,1.3489792908415958,3.0,1.5568006112299213,C,low,0
-0.4691756521047048,0.005132152926884848,,,-0.8819632690498374,A,low,0
-1.7131345290908775,-0.2026739444553738,-2.7612346067452065,1.0,3.917632612935345,C,high,0
1.3538723741654128,-0.7072520156755018,2.3636067907486336,,4.2553725890328575,C,low,1
-0.11453984525261789,-0.2649311554169371,-1.4102063012521489,3.0,-1.8946849482816286,C,low,1
1.2378163119734618,-0.8636553812290129,2.191613627993849,0.0,3.9569156113331,A,low,1
-1.594427658794367,-0.948376186101026,-3.5778081574671363,3.0,0.37894274035674735,A,low,0
-0.5993750229537729,-0.7296674216903545,-1.397222409893044,1.0,3.713951073965572,A,low,1
0.005243699718183166,0.9262302231783477,0.2563584510171177,1.0,1.8631070146671687,A,med,0
0.046980593764742055,0.09905907179003393,0.41427706142748993,7.0,,C,low,0
-0.45006547147924364,0.9316443223064399,,3.0,1.6298047011575627,A,med,0
0.6228499323474987,-0.13500424333973604,1.0978591098923516,2.0,4.424258408466972,A,low,1
-1.0676204293825944,-0.37636773382948085,-0.7774596993452059,4.0,-0.4791760250500565,A,low,0
-0.1423794850212935,0.012283725680488189,-0.8890143669881014,4.0,3.215680677470017,A,low,1
0.12029563171189886,-0.12097662273417975,,0.0,4.202660329779101,A,med,1
0.514438834058749,-0.7886706314765122,0.046331846451562964,3.0,3.432680161080821,C,low,0
0.7116148780888898,0.28165262938041247,1.421192234920059,3.0,,B,med,0
-1.1246420918378692,-0.5679236349808008,,7.0,0.9421064745506023,A,med,1
-1.5341141707356223,0.23917590979565917,-2.502326755727759,,,B,med,0
1.277676821898509,0.30040218479630676,2.3106524676814537,,1.7878187293171592,B,low,0
0.33231401197959165,-0.6959502937427038,1.0526699259914072,4.0,4.466812152705339,A,low,0
-0.7484865365565536,-0.8773007457786637,-1.6568320735878117,2.0,1.984622008557261,B,low,0
1.551151975522523,0.5615231721368796,,2.0,1.2242484362750607,,med,1
0.11567463429285867,-0.08039915246135965,-0.5133241037269737,3.0,4.6121444077432585,B,low,0
1.1792971840638264,-0.8836724089890484,0.8488913831922109,0.0,1.0168761219621398,B,high,1
0.06751848141010895,0.9897326343395343,0.8323471782251193,0.0,-0.8254515178011124,A,high,0
2.060747924881987,-0.8844388780072667,3.39096046258733,3.0,0.9663062336523429,C,low,1
1.7553408424432044,0.39007045771710636,3.00585316691619,4.0,3.238065893177065,C,low,1
-0.2489641484790735,0.9673578505268272,-0.04629631271677384,6.0,4.784077503174183,C,med,0
0.9715709509543554,-0.5216397915681488,,4.0,2.2222587505930242,A,low,1
0.6453759495851475,-0.7155012626256076,-0.014890573919941197,,4.63639413446805,C,low,1
1.3686315575323487,-0.7572301211551422,1.9765899388986352,2.0,-0.7163498429551871,C,high,1
-0.9649234605801045,-0.3934497048648089,-1.2029435121408565,8.0,1.1134730703641942,C,low,1
0.6860514599984393,-0.7979083779787066,0.4040778345917655,4.0,,A,high,1
1.0584244868495878,0.3843226833882638,1.544776998088763,3.0,1.7708811450549606,B,med,0
-1.7587394864231143,-0.8754164037398746,-2.9428783166785846,1.0,2.168188776500393,C,med,0
-1.183258512665775,0.01884425629957942,-1.9838255088691708,2.0,3.3818219147843855,B,low,0
-2.0392321777601006,0.9933937077059536,-2.5952177201000857,,1.1103863236590195,B,low,0
-0.26940683444455776,0.6279405390120376,0.9597209124224398,,2.2780573739062513,C,med,1
0.7175422557959623,0.23043887646202177,1.068019971551956,4.0,1.9097542193518966,B,low,1
1.502357052096028,-0.38749275842677666,,0.0,0.14822019221770022,B,low,1
0.07409478041977519,0.24779167258327695,-0.08873289589627834,2.0,1.7726666218371292,B,low,0
1.6286155455712918,0.05408292782330326,,5.0,1.7126809402057637,C,low,0
-1.3801014582148914,-0.14783323221925704,,5.0,1.6698388699939077,A,low,0
-1.7033824393551547,-0.738579246519601,-3.2490498014532454,3.0,2.0635189131629015,B,med,0
-0.05554769889661878,0.7732084304809335,0.9639346830320445,1.0,2.1513470812267723,B,low,1
0.3840654489393073,-0.10043070235735496,1.235684324487102,,1.1354096417853397,C,low,1
-0.03269474809409311,-0.6107549763584699,-0.6546313931897272,2.0,,B,med,1
-2.0674421000398766,-0.26448129824542077,-4.166673774862834,5.0,,C,high,0
-0.08912003951278841,-0.17174049494214594,0.2842065381782055,1.0,0.5580597830602074,C,low,0
-1.3044695005048532,0.6550757911337486,-1.9714812680704077,,7.559927248447112,A,low,0
0.6696725488300385,0.4672287611228041,1.633436003387844,3.0,-0.0759827099784598,B,med,1
0.36659824609684827,0.5386097872826796,-0.16584964606930552,,-0.7075093494195173,A,high,0
-0.9398797863273552,-0.9779374711427056,-1.452489745912731,2.0,,A,med,1
-0.5138669173366935,-0.16769200364047698,-1.4602323424656696,2.0,,B,med,0
-1.0592135218889516,-0.03731169672935275,-1.2420940716648416,1.0,1.5294521800551222,C,low,0
-0.06267909727317188,-0.9616154463538866,,0.0,6.291649850152977,C,med,1
0.9551423205012383,-0.48037358250993156,0.7155569797985691,2.0,-1.089871844306801,A,low,1
-0.9857260463355437,0.52057964624427,,2.0,-1.9639289714774266,A,med,1
0.5040465155178444,-0.7257805885420019,,1.0,-0.9983624039153964,B,med,1
-0.5302576183724408,0.0706202629051833,-0.7071290695484524,5.0,3.796719136693971,B,high,0
-0.7928728322623442,-0.569596255965525,-1.1819008861400366,7.0,4.249553439971625,A,low,0
-0.10703035995455783,-0.9757584507122135,0.3397955269697993,2.0,0.9748224060429824,C,low,1
-1.035242322419374,-0.517597084800917,-2.5937828318850453,2.0,3.3664248080021375,C,med,0
-0.553649305347182,0.9517475098201076,0.4540060843735927,2.0,4.7805106550239795,B,med,0
-1.1978778925888485,0.6030742237659792,,1.0,,C,med,0
1.9647251329163893,0.9191532886420668,2.957272319534053,,,A,low,1
0.03526355197172861,-0.024291912147275108,-0.6244074409855396,2.0,-2.6029434353399736,B,low,1
-0.6997255079925856,-0.780527602644993,-1.5344122586998916,,,B,med,0
0.213979910734222,0.09591897794738591,0.8297544110372557,0.0,1.1463916101294847,A,low,1
-0.11232804969082982,-0.09124533088007825,,3.0,,C,high,1
-0.22096959953322298,0.6887141654792319,0.7684801485634553,,1.6242811979825609,B,low,0
0.6141667000434252,-0.8038348384315108,-0.20625521417639703,5.0,4.237789195861339,B,med,1
0.7575077100473051,-0.023517725956443636,1.1184582281697089,3.0,4.548856853375163,A,med,1
-0.5305011476105275,-0.6999026706120315,-1.7718997789283666,5.0,1.6566526921504332,A,med,1
-0.57581824064468,-0.35064814621988005,-0.857235492764476,6.0,4.196969752103637,A,low,0
-0.275051697151644,0.4747141547755993,0.2682232267089838,3.0,2.7153227332621785,B,high,0
-2.301921164735585,-0.04796374126246694,-3.687244514575137,5.0,2.1290119457251433,,low,0
-1.5151910621985523,-0.24822342970846134,,2.0,3.813088314219928,A,med,1
1.3668742674445247,-0.21104744285992938,,,2.1445040964758317,B,low,0
1.6449677135012837,-0.08110646318802672,2.6452676145246667,,6.115622354195525,B,low,1
-0.24903603955637832,0.5700330876741138,0.11360986198333822,5.0,-0.8768223335891183,B,low,0
0.5765569630557664,0.7841693778804688,,3.0,0.9696582018159645,B,low,1
0.3112501545435361,0.9106693730078566,,6.0,,C,high,0
3.0788808084552377,0.5738067725105902,,3.0,,B,low,1
1.1195749114345768,-0.36918620850397454,,1.0,4.535920974206178,B,med,1
-0.12791759148076653,0.3762694121730843,,0.0,1.9512028655276867,A,high,1
-0.9555404406004258,-0.12479375188921615,-1.3358816238857583,2.0,-0.8444592990124145,A,low,0
-1.6064463202575725,-0.49065875590789765,-2.9070887738441433,2.0,,,med,0
0.2034636358672231,0.6817431588518452,0.6053056966759344,4.0,3.5099175322839287,B,low,0
-0.7563507452843033,-0.92314730207535,-1.4222615271949617,5.0,-1.883717318758812,A,low,0
-1.4222537095976742,0.803523984270847,-1.9752328543178637,1.0,1.9923917326584013,A,low,0
-0.6465728842425266,-0.07704507075053169,-1.3462359013198615,4.0,-1.1802836613605958,C,high,0
-1.081548003614395,0.27440295361656086,-1.4680443198692996,3.0,0.670697804995875,A,low,0
1.6871416350725648,0.3187078444115654,,,0.1943821460744004,A,med,1
0.8816397569494505,0.7902354814130728,1.1746648116881195,3.0,3.6185293964839715,A,med,1
-0.007972641316617372,0.27333936433441464,0.4643973616705329,,,C,high,0
1.4799441388900259,0.22786716952012354,1.7594527755157725,,-0.5711820015120552,A,low,1
0.0773683076476183,-0.8666959188786201,0.015860752486723362,5.0,3.760131925914685,B,med,1
-0.8612842013282637,0.03681604389040816,-1.0422226336202158,2.0,-0.8676116478568288,B,med,1
1.5231240772696573,-0.6996619983659167,1.071951752326229,5.0,2.6602275809418874,B,med,1
0.5389100436846587,0.47486753744297117,,1.0,0.3719786614168885,B,high,1
-1.0372461543264564,0.02444384162534896,-0.9465926091533241,0.0,1.2686458349389602,C,high,0
-0.1903386780836082,0.3604555584167066,-0.5958630034868998,4.0,3.0085414960767682,A,low,0
-0.8756182533847572,-0.9166541987952315,,,3.042898798119058,A,low,0
-1.382799730964336,-0.8304159679083936,-2.2583771337747525,4.0,4.673938147111921,A,low,1
0.9261775475316414,0.4326467761253645,1.997284964001442,3.0,1.8354926006570937,A,low,0
1.9094166404701305,-0.8558313280026533,,5.0,2.6129017259266814,A,low,1
-1.3985675738191412,-0.8574865444694828,-2.8253497303092736,2.0,1.1245253551913508,,low,1
0.5629692366905709,-0.9757830495302251,,2.0,2.3639797652455954,B,low,1
-0.6506425691218269,0.9130027965989602,0.34998737651552914,,,B,high,0
-0.48712538376469605,0.4750167189180139,-0.003750690797139411,4.0,1.803380305091248,A,low,1
-0.5923939242388692,-0.2934971829958717,-0.9926804065737275,3.0,,B,high,1
-0.863990769679816,-0.40692883742468955,-1.903583434052532,5.0,2.6629417926617904,A,low,1
0.04852162794482699,-0.3005935405083009,-0.4927365316151926,2.0,2.729122954710914,A,med,1
-0.8309501164110378,0.5493070623623637,-0.7105145908024961,2.0,0.6396530473040982,B,high,0
0.2704568257798388,0.3227412221408288,0.7762549601845146,3.0,-0.5687740721450285,A,low,0
-0.05023810944913695,-0.6296088642650641,0.3106377001669772,3.0,4.951758301007931,A,low,0
-0.23894804686640975,-0.6517813293318313,-0.35908768869746066,4.0,2.982891021788804,B,low,1
-0.9075636620415979,-0.8032087005732054,-2.5144899942289083,,1.5418379381565805,C,low,1
-0.5767713305683327,0.3206054394026763,-0.17888046728970175,0.0,-0.2740657662949748,B,high,0
0.755391225825756,0.5287453244434719,0.8984291873031636,,0.3563703431573082,A,high,1
0.5009171876243808,-0.46990714334999195,0.32443657378539936,4.0,4.605180793572464,C,low,0
-0.977555244798551,-0.9581100779381744,-1.8202878030410665,3.0,2.2753238817360923,B,low,1
0.09933230542922587,-0.8356566650471453,0.7290038705122484,4.0,0.8988258659985868,B,low,0
0.751387123371789,0.9357200696900609,3.1498999979053943,1.0,3.0193784624493123,C,low,1
-1.6694052811213718,-0.4091104450451595,,5.0,0.3712036251073525,B,med,0
0.543360192379935,0.5384462956762672,,,5.001686060560757,A,low,0
-0.6626237589458467,0.24932713770852755,-0.6020192453242312,4.0,4.705601069793451,B,med,0
0.5705986685931593,-0.2361207206942082,1.1816653554795529,,,B,low,1
-0.7632591565425169,-0.5886254756088898,-1.599535285396816,4.0,0.7426595059382792,B,low,0
-1.804882100664519,-0.7572271636811871,-2.188331054881211,,,B,med,0
-1.6275424378831627,0.23002593607773325,-2.2112653091901766,4.0,-0.963161543102736,C,low,1
0.048084946661381994,0.549267561275576,0.5956327451755581,,-0.6789395499155124,C,high,1
0.25972250172148187,0.28780850708226136,0.8664501321505842,2.0,2.2703806819747716,C,high,0
-0.9043166251044086,0.06060426649831663,-1.1153794991002268,5.0,,C,low,1
0.6385924587773739,-0.9160975531367275,,4.0,-0.6906709748304829,C,low,0
-1.6615200622689599,0.9369775551887676,-2.3324179090825177,,1.4376719150708854,A,high,1
-0.06607979864731657,0.5974283833091492,-0.07955638328941556,4.0,,A,high,1
-1.2110161997624567,-0.4143559265980705,-2.5737793794285677,4.0,3.0556786998311742,B,high,1
-0.6518361078021592,0.9599406587177013,-0.27803321703427497,3.0,-1.7993405617177625,C,low,0
0.047398671316414016,0.2037631792726442,0.5624478483670001,1.0,,B,high,1
-0.8604133652839524,0.16484531641449296,-0.9793109566427393,2.0,-0.7666815539432208,B,low,1
-0.38455554422982535,0.4961463588590642,0.5084860797585627,0.0,3.8034573942805476,A,med,1
1.0062928092144405,0.6235395761802751,1.8184109924972751,4.0,,A,high,0
-0.5768918695231487,0.3129572146630053,-0.3744883691569641,1.0,0.20394554735108317,B,low,1
0.8356921120651418,-0.7438085072676,,5.0,,A,high,1
-1.129706854657618,-0.3234649880110032,-2.0498426272291295,1.0,1.0774658990033856,A,low,1
0.5298041779152828,0.8561672806520995,1.5705587859818626,4.0,,A,high,1
1.4415686206579004,-0.5507687763122961,2.3115195982022745,1.0,2.6719363468811532,A,low,1
-2.4716445001272893,-0.25566595232497336,-3.9822832001855115,6.0,1.4543109073197384,B,high,0
-0.7968952554704768,-0.135846234111608,-1.2990656261905524,4.0,3.940350165135718,,low,0
0.57707212718054,-0.12119002061109563,0.04607630712485744,1.0,-0.19681843592510528,B,med,0
-0.2030453860429927,0.22587916498905103,,,0.7617541035001367,A,med,0
0.37114587337130883,0.8861516754894152,1.4449862295615639,,-1.0130505160782306,C,low,0
-0.6039851867158206,-0.5186145763349901,,4.0,,A,low,1
0.08658978747289992,-0.7569972473981639,,2.0,-0.36396399213643793,B,med,1
-0.15567723539207948,-0.6050590202801254,-0.5111585196377019,4.0,3.9919473576928914,B,low,0
1.1677820616598074,0.773849800418539,2.142129572013069,3.0,,A,med,1
0.2544208433012131,0.291621625310412,0.19728150787030213,3.0,,C,low,0
0.3376026620752022,-0.42818642152167974,,2.0,1.2384731922763912,B,high,1
-0.4118769661224674,0.6318938779372345,-0.09138203802038897,4.0,-0.5389305320256259,B,low,1
-0.48760622407249354,0.7227399927268721,,3.0,1.6633991536567145,A,low,0
-0.4325581878196209,0.6930286773805561,-0.5653403643729435,,3.1982066637271895,C,low,0
0.39445214237829684,0.8378530672791089,-0.06606671272862252,1.0,-0.4155187850867046,C,low,0
-0.42098448082026296,-0.49551795965327683,,2.0,3.6182255814627577,A,low,1
0.2897748568964129,0.5100838574925566,0.4502854860866956,2.0,0.3005581570446074,A,low,0
2.075400798645439,-0.07892100545171998,,1.0,,C,high,1
0.8711247034316923,0.6839971057801231,1.9954250639945967,,,B,med,0
-0.32602353216784113,0.4569813543232264,-0.45655094104971333,2.0,,C,med,1
1.2012139221639448,0.5528948929994493,2.6082365217689527,5.0,2.075149718671731,B,low,0
-0.4080753730215514,0.312323675362143,-0.14744824706290682,7.0,1.370618342423815,B,med,0
-2.038124535177854,-0.6451424610605863,-3.037973371696835,5.0,2.258736013407637,A,low,1
-1.008086310917404,0.09005383779387666,,4.0,-2.7614782110469944,A,med,0
-1.8707919210258557,0.9693394790490164,-1.7155461493210753,3.0,-1.6593636304161659,,low,0
-0.35151348404130867,0.8747761329942378,0.040743106052083894,4.0,3.231934012093676,C,low,1
0.0184183791895517,-0.9136525284059767,-0.6138372650417624,1.0,4.0743628112981005,A,low,0
1.6764373122752827,-0.6703703685411257,,2.0,0.17902659293695744,B,high,1
0.32692737376416264,-0.7365424530908762,-0.7659977823483541,4.0,1.5119432956577312,B,low,1
-0.21910052880886424,0.451959819970591,0.10165552251233453,,2.589438505804603,B,med,1
0.8294055811834892,0.6355706597138902,1.047207947541143,4.0,3.3864352033174083,C,low,1
-2.211135309007885,-0.5729772673786562,-4.279526740122924,6.0,-2.0553545433416973,,med,0
0.23561455810856594,0.011705385903657994,-0.40190506299426765,3.0,0.22791950604324573,A,high,1
0.7708651938869668,0.6814060560224,2.053345006336613,1.0,,C,low,0
-1.4785862457798415,0.4656030895325012,-2.299709520749906,2.0,3.4062803944720983,C,low,0
1.143754043206929,0.08447441098369657,2.5247321252604915,4.0,6.99686096744299,C,high,1
0.3384964074944141,0.18069538091754578,,3.0,1.5439885463805643,B,med,1
-0.4152879139008013,0.01672109383255993,-1.4682503027313953,1.0,-0.8139549242079775,C,low,0
0.6327818661062848,-0.40490309736235885,0.1884590305039182,7.0,,,med,1
2.270692857804396,0.13004398571803222,4.0889670895690795,2.0,4.64199157908142,A,med,1
0.18186625505849516,0.3777706041001814,0.38373559566949966,5.0,2.216028241959002,C,low,1
0.24822058630033608,0.7466458317216154,0.47151014706601135,6.0,0.18670290969141434,A,high,0
-0.4593608995402441,0.27258270795849615,-0.4727408824047243,,3.915987882960038,A,low,0
-0.8498443694647918,0.522243074086316,-0.7627536490702571,0.0,3.32709123699687,C,low,1
0.8303358165442456,-0.679856730090854,1.464274767722172,,-0.052161688391248795,C,med,1
-0.8560838259088672,-0.07688505116042021,-0.5983186494970477,3.0,2.762851235068684,A,low,0
0.07156623721939247,-0.9813367603458134,,5.0,3.9945311353177453,C,low,0
-0.4776574467651167,-0.506642270956754,-1.632831148667071,0.0,4.363780085117787,B,med,0
0.47897982574639186,0.45292343022600967,0.7381988731709546,0.0,1.8671020493810881,B,high,0
0.3336621052869483,0.9836199026987269,1.122443362571229,3.0,1.2838411076413623,C,high,0
1.0375399442578992,-0.8016438008255682,0.6736085528687594,4.0,4.454547644162526,B,high,1
-0.510016398854747,-0.1970113682774235,,3.0,-0.42032100596177013,A,high,1
-0.26987493529337125,0.600141937398319,0.06715250653404534,4.0,2.8771585818420107,A,low,1
-0.9787637157823074,-0.5919287307422023,-1.7884361148297876,3.0,-0.7400532547288585,,low,0
-0.4442932600761116,0.11016989860457249,-0.5949564431060879,,4.130752544519206,B,high,0
0.3773004930448522,0.4661425920593496,0.41977436824691833,6.0,1.483908968777677,C,low,0
0.7569886166453519,0.23197090052035807,1.136268018125323,3.0,4.537166471294938,,med,1
-0.9221653241776254,-0.6239505307691677,-2.157339823785174,4.0,2.982825512711054,B,med,0
0.8696059201056602,-0.28923086262852116,,1.0,-0.44644046012385985,C,low,0
1.355637858804951,0.5675835689707944,2.8348732400547005,3.0,4.849255464154487,A,high,1
0.41343490322370086,0.10845302826403325,-0.24871506215147898,,5.102490532855459,A,med,0
1.876795812558066,-0.9895407729141745,,2.0,3.7645729851984315,C,low,1
-0.773789199103573,0.5219815200561877,-1.6479576661723052,4.0,0.4768242699275602,A,high,0
-1.244654703311417,-0.9293772901195219,-2.656682667230336,3.0,1.3879720912851823,A,low,1
-1.7787202489042786,0.4914675654624643,,5.0,2.2908544348115187,B,low,0
1.496044311489183,-0.5950388796695252,1.2217244175497468,3.0,0.5925792013371334,B,med,1
0.6543656563540577,0.9161469602387604,0.9786920580878102,3.0,,C,high,1
-0.05558467091045507,-0.26411849739583104,-0.7174149411043473,2.0,,A,med,1
0.2799686263198203,-0.3461367673238418,0.35051822051728154,,-3.4066960942147144,A,med,1
-1.1254890472983765,-0.7022238993351106,-2.0046733520969946,4.0,2.678711625512441,A,med,0
2.4457519796168263,-0.38879156901957024,3.1133634082468276,3.0,1.3036852063653737,,low,1
0.1292211819752275,0.7533015236564011,0.6588929708607408,2.0,,A,high,0
0.10939479460489289,0.9926686752544946,0.387086487240954,4.0,1.262761268428601,B,high,1
0.725766623898692,-0.2633809389863033,,6.0,3.6140928332133746,C,low,1
0.4810092317367132,-0.10277873809091487,1.506850523708881,4.0,4.239375557106762,C,low,1
0.22388402427913137,0.4441418764054741,1.2281275005166081,,2.5661063245173077,A,high,0
-0.7904744554453119,0.772391560930149,-1.4493065211666922,2.0,1.3213776257236818,B,high,0
0.4714683571359957,0.1860886683735683,1.215113078830365,,,B,high,1
1.8820244964750337,-0.21694860364434132,3.120260720136176,,,C,high,1
1.3454200461549777,-0.1747563183027525,1.3566202657047812,1.0,0.3951399202703263,C,med,1
1.593186626639397,0.39123629299361373,2.9947869083333325,4.0,,A,med,1
-0.5112156764311852,-0.9935634727914426,-0.49463929183622246,3.0,2.920084647720932,B,med,0
-0.9896048202585809,0.23917867491968137,-1.9260902960502375,,5.080882479553347,A,low,0
-0.12578692009964815,-0.2890139791172852,-0.7919387802152467,4.0,4.51069956057695,A,med,1
0.055724912288694604,0.5883946625541685,0.8866154331318774,2.0,0.6286501648197396,A,med,0
1.0941915184709485,-0.8140187203537357,,6.0,,B,med,1
-1.6924646297148194,0.176404533896781,-2.1747565400040774,,0.09809323381105672,B,med,0
1.5295503194606137,-0.03805422022775251,,,3.3918642018816993,A,low,1
-0.15800789857898942,0.2846510518104548,0.10066163850081536,3.0,,B,low,1
-0.42688106994742003,-0.8702928110340633,-1.7387040745937032,2.0,-0.046506446751168884,A,low,1
-1.0121043752601675,0.15996757485626256,-0.9145139221513957,2.0,2.560090685394809,B,low,0
-1.6548566718657693,0.12296917591904744,-1.8360054236252437,3.0,-3.3491342563082815,A,low,0
0.8231705839619146,0.12132018883234186,1.1807205983250288,3.0,-1.501951148810456,A,high,0
0.07331796718840389,0.20697533319290962,,3.0,,B,low,0
-1.2899608997410539,0.35293587445272445,,3.0,,A,low,1
-1.295078772063616,0.6099779993615395,-1.3805017804057371,6.0,1.2613624596836224,B,med,0
-0.3357846992901282,-0.4603585597435713,-0.4478276079499059,6.0,-1.1588725974351974,A,med,1
1.669021525289393,0.6500988203601241,2.797486189614496,3.0,0.36421631572298896,B,low,1
-0.2595913513636048,-0.0034886354730927494,0.17104533515329778,,2.782418654474788,A,med,1
-1.5031429531181062,-0.8458834417313377,-2.8446947660327986,3.0,3.163563541256725,B,med,0
-0.24574306408594432,-0.8828981415120416,-0.5277607039381371,,1.9675537648081176,C,low,1
-0.2727235697476705,-0.3315233626078784,-1.0846792052715029,3.0,4.313667562073977,A,low,1
-2.6968866429415717,0.5697939542229351,-3.772209062738009,3.0,2.7947940469184687,B,high,0
-0.05429486651781221,0.4153618694818315,,3.0,0.5050886920835755,A,high,1
-0.23093453020867796,0.5772299293448129,,,1.4389958931767652,B,med,0
0.6962063648134184,0.03453811288321873,0.8768151392450576,4.0,-0.8057323144157094,A,low,1
1.8489560949453452,-0.11960200408901889,2.647896842537674,1.0,1.7837220192171666,B,low,1
1.1265650295477574,-0.7050949465874321,1.750323656748673,4.0,4.224201238442677,B,med,1
-0.26888869055483056,-0.3436144927813769,-0.7935224008420431,2.0,3.3705801694219355,C,low,0
-1.1065259087416703,-0.13196126765224947,-2.52905804730797,2.0,4.804018651838244,B,low,1
2.5733598032498604,-0.8227991406407655,,5.0,1.3942295124020139,B,med,0
0.05921843401448826,-0.5587760945775775,0.5001666430781869,4.0,4.692199589028515,B,low,1
0.013929291912946203,0.19645058812747762,-0.5270121156196512,1.0,1.6133915471040603,C,med,0
-0.024125087110003277,0.4713262284783797,0.5443293861967822,1.0,4.943170165139788,C,high,0
0.19808476076785494,0.9966950227858993,0.5439872672690604,5.0,1.9562865051157527,A,low,1
-0.14436041192394247,0.8662266626871153,0.34831632112317373,3.0,,C,high,0
-0.5736620068802363,0.28513039907038307,-0.570815746278416,1.0,4.950224728619711,B,low,1
-0.5468589412403921,-0.157503893411856,-1.0162442587246772,1.0,,C,high,0
-0.03275327021599839,0.27235472941646544,-0.3048353734089631,,2.4367779750883485,C,low,1
-0.543424771133765,0.571303236160464,,4.0,4.5777268504126045,A,low,0
-0.7128457826771644,-0.7633276181532254,-1.9090284408329803,4.0,,B,med,0
0.10643022769189683,-0.1801902206074235,-0.34636087288108885,1.0,-0.6417845650123222,A,low,1
-0.2549772174208553,0.6796045712712344,,0.0,6.28601410916982,A,high,0
1.5039929885826886,-0.23233409613391198,1.7819424402517008,4.0,1.0604710713257264,A,low,1
-2.650969808393012,0.14374454245437307,-3.5635564085060216,2.0,2.3175121018750855,B,low,0
1.0915068519224618,0.17553872172439644,2.4686527164138545,4.0,4.312013338902254,A,med,0
1.246085192497629,-0.6310474937327213,,1.0,0.7830121925375964,A,low,0
-2.0733902324081495,-0.27552911669542324,-3.1281476566922475,1.0,-0.015735826444260415,,low,0
-0.34268759408034877,-0.3309774225161357,-0.42967754722712415,4.0,2.5074745935496665,A,med,1
-0.37144086599579146,-0.9476065829358704,-0.7949634550019851,2.0,-1.5861527958247792,A,med,1
-1.4075116947178212,-0.9516164722172895,-2.549098144227333,1.0,,A,high,1
-0.7778166875908753,0.6633940873515469,,1.0,2.4900773286308118,A,high,0
-1.1105758454658288,-0.4538583800543752,,3.0,1.4600962063496716,B,low,0
1.7522704434236227,0.03615753247763087,,4.0,-1.086901886371494,A,med,1
0.9356783931474612,-0.4025488528224539,1.6368211955046015,2.0,5.188355912408024,C,low,0
1.2715550949941588,0.881358490230681,2.79165730623995,2.0,2.2070763078983506,B,med,1
0.7216720640432351,-0.4814064822684525,0.46016180284133573,4.0,4.862304235523482,A,low,1
-1.1290517712172292,-0.14068637452212984,-1.7449519263631077,3.0,1.4799274996391105,A,high,0
-0.5245202662797737,0.7454605009692037,-0.07238565252952395,1.0,0.23997603661847222,B,med,1
0.48937456122791806,0.6838671335836173,0.971338498844005,1.0,,B,high,0
-1.2221278088919454,-0.6277971643074454,,3.0,1.5684257473435608,A,high,1
0.7129984301723881,0.6052866195914208,2.554077202363973,,-0.355522915982716,A,high,1
-0.24032539815813503,-0.0836262265242147,-0.7952942268168011,3.0,4.939568517574991,C,high,0
-0.3748208075495975,-0.03406225582928957,,2.0,0.7554595542120079,A,low,1
0.7109599682034915,-0.7330400551681124,,,-1.680532769591137,A,low,1
0.44426331148603976,-0.8387969724857507,0.607777733549256,7.0,4.656332107914666,C,low,1
-0.3609661658190799,0.4558786139475304,-0.42894312867723916,4.0,0.9914039683747535,B,low,0
1.159329803364248,-0.0070776952894004985,,2.0,0.7843522147687514,A,med,0
-1.0810633275998973,-0.1262985947696409,-2.354047188646291,2.0,-1.530775174059948,B,med,1
0.6159356069442637,0.45901645730479346,1.4998709505845977,,5.481882973193981,A,med,1
0.5931012579683838,0.5310257979822195,0.8522343755642386,5.0,,B,high,0
-0.3095464393139903,-0.6821836646612929,0.054277461802016425,2.0,,B,high,1
0.326133022242118,0.22045029895528256,1.5956823594248775,4.0,3.825240645080881,C,low,0
-1.251113576385303,-0.7292918354446289,-2.6246445761919426,4.0,2.843433866006194,C,low,1
0.924027019206901,0.5027501720580914,,4.0,1.8806913760156168,C,low,1
-0.18490213644298903,0.31391031253427903,,5.0,-1.4033317165748325,C,low,0
-0.5227230205190395,0.9132292421669159,-0.5210352345898587,,0.38055032846543213,B,med,1
1.0490092258368893,-0.8620839672871576,1.119766246145636,3.0,2.375600676085044,A,med,0
-0.7043436905427592,-0.8858905576974914,-1.4867666043916796,5.0,0.4256518600260073,B,med,1
-1.4084612963635597,-0.4356258506135997,-3.2903414479509676,4.0,2.4067189199975356,B,high,1
-1.5566291735239037,-0.47658863252818806,-2.580156949597068,3.0,,C,high,0
0.6060099513456396,-0.5060424018560004,0.3111298390583723,4.0,3.9250057716002034,A,low,1
-1.280429352496283,0.8125091610420734,-1.760950859423274,3.0,-0.4523587156253668,C,med,0
1.7547941819843647,-0.5009076003009878,3.10355347456046,,6.393292109957908,C,low,1
-2.081929407883722,-0.456100547742738,-3.9791978328365802,,3.534958689108261,C,low,0
1.6964563682900382,0.5187965248359274,3.2106854082270098,3.0,1.9965716926618722,C,low,0
0.2110174672026184,-0.10052031509892001,,1.0,4.179073166153281,A,low,1
-0.09671311187039239,0.5534211139103624,,3.0,6.730815543999947,A,low,0
-0.5449190868089497,-0.8692676848712295,-0.8568265246231836,2.0,-0.8774402021137391,A,low,1
0.39913611435207086,-0.024857612653231387,0.7563010124859358,,1.5494747150172927,A,med,1
-0.037634702424848364,-0.9327727996334347,-0.23753195484422446,4.0,,B,med,1
1.1033018820165215,-0.874693593089291,,4.0,2.3853030652960494,C,low,1
0.11422764866203965,0.8128749066888219,0.412124734745809,1.0,2.7307884838502816,C,low,1
0.1503017614618776,-0.7215092577648097,-0.4414203539434636,7.0,1.9216757691144812,B,high,1
-0.36361221221385587,0.06484136455043421,-1.0555728993244657,3.0,,A,low,1
-0.056945623721067457,-0.1778087947985869,,2.0,-2.0990290323766505,A,high,1
0.3078017688920592,-0.30531334748231465,,6.0,2.7470673668235372,A,med,0
-1.7101683926566256,0.7996666913745449,-1.5430794529292722,0.0,4.91086896783065,A,low,0
-1.348185422105713,-0.956353206449021,-3.1759919194870907,6.0,0.8179630885331359,B,low,0
0.743264094022715,0.3275793723511782,,,2.88011985804629,A,low,1
0.17086543812794186,0.9267888684271008,0.960625622264709,,-1.1362886268401011,A,low,1
-0.18398333635267913,0.12033636692368388,,5.0,2.9144261273850276,A,low,0
0.01843393306539316,0.8736449240661837,,5.0,1.213235404510686,B,med,0
0.34758170536167105,-0.8954842414279525,-0.05384745944831856,2.0,0.4751640987941712,B,low,1
-0.5397596803093615,-0.1624133618516772,-0.953573331391331,4.0,0.4792727175677389,B,med,1
-0.7783047254023127,-0.4796844180758977,-1.243359535061739,,1.2127768359339801,B,med,1
0.19584525509768155,0.4616419299614596,0.5675353507739174,6.0,2.764866631385071,C,low,1
-0.978372777615032,0.9625941809944933,-2.095912262299069,1.0,-0.6243264023910355,A,low,0
0.40825275571447184,-0.4869398751115044,0.2540093807283586,3.0,1.2057693368642943,B,low,1
-1.7025836042378404,0.30834920294814894,,5.0,1.9170564440017046,B,low,0
1.0291556373256436,-0.6038047344805197,,3.0,,B,med,1
0.472597482413043,0.1306605091432198,2.2668559794928793,,5.593330403350034,C,low,1
0.25602973431387566,-0.0721350266233276,0.5317179208963019,,,A,med,1
0.9826909839455139,0.9440106592630741,1.789276962463609,1.0,0.6611261727330191,B,low,0
1.6654744444625766,0.21705454539293312,3.067639690378958,4.0,0.043384100355004174,A,low,0
1.0143700650181304,-0.30098725582636243,1.6124054132186207,6.0,5.596960174276235,B,med,1
-1.8408742313316453,-0.7718084302241333,-2.9371683168836142,2.0,3.105810457198963,A,med,1
-1.2795769667357015,-0.6975063425301309,-1.9646933247607823,4.0,0.12681598751271572,A,low,1
-0.6248185776956788,-0.5493661400975298,-0.18363915417751264,1.0,4.212463117719937,B,low,1
0.026091050210833786,-0.498066677319404,-0.7753409810064091,1.0,2.4013973885777564,B,med,0
0.517659020469123,0.7012321156822756,,9.0,2.5145068422230032,A,low,0
-0.7257438131534656,0.12244557656504984,-1.4905834964384428,2.0,1.3110455824950946,B,low,0
0.18676676447707832,0.04678182274873288,0.5812973812611081,,0.5011680260860534,B,med,0
-0.7553829323533225,-0.7704622562615651,-1.9776487824038136,3.0,2.675532198109203,A,low,0
-0.6115178029919482,0.7202793866988699,-0.7658204179410296,4.0,0.9098255400088193,B,med,0
-1.4066610968482223,0.44562860641696744,-2.034722299182803,2.0,5.633511259150209,B,med,1
-0.9232332461109043,-0.8646632761999968,-1.3292731475940003,1.0,-0.5385822104862084,B,med,0
-1.3516846056163336,0.41567019445953735,-1.360464589223525,2.0,5.072313545709891,A,med,0
-0.9758732529773327,0.08707643468529214,,1.0,1.7773623024043985,,med,0
1.0536417966078395,-0.8365493085064435,1.1896550961584618,0.0,2.598171468042212,B,med,1
-0.949398888831943,-0.08339871694268708,-1.8205876190938444,,3.666315533258869,C,high,1
2.632382064837391,-0.030607425739906047,3.304016929048466,2.0,0.7395014099911275,B,low,1
0.4933179008808892,-0.6684509196734485,,6.0,3.728496769397273,A,low,1
0.1848361236948739,0.8913962940005646,0.5687109383146833,2.0,-3.4150877107623545,B,med,0
-0.8583577801812136,0.6999507429613239,,2.0,0.5600209335561217,C,med,1
0.7003098794089914,0.33804467465821664,,2.0,0.15187438531786923,A,low,0
-0.5756378262377739,-0.0754088779987856,-1.5899699287331723,6.0,-0.5070120247435232,C,high,0
0.12200981464536144,-0.17646891683098298,,,1.5700903238420978,C,low,0
2.5600845382687947,0.30194693430190833,,4.0,2.77149993636339,A,med,0
-0.09605989972464987,0.09086373881381093,0.9455634062548932,4.0,3.4053199969986117,C,med,1
1.1492733262856758,-0.8754537882362288,,2.0,,A,high,0
-0.7031764251258874,0.025005297540663385,-1.982224181488022,3.0,0.6686130702129063,C,low,1
-0.0349884904969617,0.612807234465679,,0.0,2.738032875650334,B,med,1
1.77080063563551,-0.08152024480608389,2.8102479197356747,3.0,2.2485713897017012,B,low,0
-0.6269670577877674,-0.8960868448914632,-1.8226403750655658,4.0,3.8721123358720324,B,low,0
1.8124485579969287,0.5725563987680662,3.272265579440644,2.0,3.5538734058630332,C,low,1
0.7077519354554754,-0.5972724357280512,,4.0,2.0609528278412577,A,med,1
-0.5624667758942676,-0.48275833022392245,,0.0,0.2054939876774864,B,low,0
0.632407739055521,-0.6705872931354082,,2.0,0.6940996883358383,A,low,0
0.9725544496267299,-0.3395698702570049,1.7511818090805071,4.0,0.9004212807239333,A,med,1
0.6218099622171964,0.5135030113772701,0.6825184728681607,,1.3694673321674884,A,med,0
-1.5702247198904564,0.03877171900787468,-2.2931076396300676,2.0,2.5361008551795066,B,med,0
-0.7271371758248686,-0.5902374516985749,-1.848536802616384,3.0,3.430348780256117,A,high,1
-0.24751863555150475,0.7556601563040817,,4.0,1.8977626139692447,A,low,1
-0.07443342910004629,0.7591637099030584,-0.1797414498800523,4.0,2.032249575800945,A,high,1
0.620672097550678,0.7411568500920138,1.0975361517919136,3.0,2.2866126100000073,A,high,0
0.17770100093325383,-0.5224075772369214,-0.4925599846136945,3.0,0.96818937373532,B,low,1
-1.3353443587101013,-0.0975213116380238,-1.7262090729723356,,0.14921548471408785,C,low,0
0.3801978510059632,0.9699793122817502,1.4845119909781526,2.0,-1.5108757946214197,A,low,1
0.6105857452838231,0.5440249526199807,,3.0,0.6097012838462552,C,low,0
0.5597904479310398,-0.9456651575488804,0.3859720906021337,4.0,2.946290906535574,B,med,0
1.0807807255546218,-0.8695908174790159,0.4620799722756529,5.0,0.5941771239208651,B,med,1
0.8339221545489041,-0.07213724637533447,1.0649762846322952,5.0,1.5243859251481207,B,med,1
0.4591800792284367,0.8184404117231203,1.072888016183343,1.0,2.9328625748246338,C,med,0
-0.07016571145864703,0.07740359590542845,1.2438497762797311,5.0,3.0413789928453374,A,low,0
-1.6609609335159914,-0.0043749839314195516,-3.049612405126779,4.0,-0.159065704332078,B,high,0
0.42961821913258585,-0.7890526000867388,0.9819896480317281,2.0,3.994118712907283,B,low,1
0.20768768716311115,0.3135602094485881,0.9667410222018648,2.0,,B,high,0
0.27157883719537346,0.644206321200451,0.8697896186383538,,-0.2596997144371196,C,low,0
-1.2767485758203094,-0.23915998498487534,-1.155392614125335,3.0,,A,high,1
-1.0810565404082624,0.551223701850655,-1.1599202233836345,5.0,4.382181366292383,B,low,0
1.0531528533329035,0.9289533078016232,2.238785531734131,1.0,1.7062929574893984,B,low,1
-0.03955515385665504,-0.5924670817446218,-0.38212659816606614,2.0,-2.4395558949037017,A,low,0
0.6815006973726244,0.04665926238948259,1.6573651184629918,3.0,,A,med,1
0.028318376130461172,-0.4257240838308489,0.37785013918570914,3.0,1.5012607496550374,B,high,1
0.02975613949574519,0.5857088380676787,,3.0,-0.3260853005692037,C,low,0
0.9382838059759977,0.155186731762315,0.8253954775457703,3.0,1.1731524587271172,B,high,1
-0.5160447282173739,0.2691648351006075,,5.0,2.0647924273671574,C,med,0
0.09612077694098337,0.5958283192317881,0.042076042828545934,,4.924509208069457,B,med,1
-0.4622752887050425,-0.20805905467509023,-0.8292047477027864,,1.419092167544422,A,high,1
-0.4344962274323156,0.8301801368140864,,5.0,4.145083599145518,A,low,1
-0.30917212346863937,0.06605773449227992,,4.0,4.8575203240735405,A,low,1
0.22213377163371284,-0.684090354329304,-0.03025621036987017,1.0,,A,high,0
-0.4787486216634773,0.3917982363376049,-0.4932124469222159,3.0,,A,high,1
1.2557561255735208,0.5865227008765088,,3.0,-1.9265782956779485,B,high,1
-0.8946073022195039,-0.36647664586494666,-2.648593943254032,1.0,2.9216497308077307,B,high,0
-0.18687164416135904,0.7143585139975059,-0.22647835662593396,5.0,4.0967997756270815,A,low,0
-0.4397310582741749,0.8122865095315328,,3.0,,A,high,0
1.4469778843537329,-0.44619102524438214,2.5474107921218385,2.0,5.4891677401504975,A,low,1
0.19655477651157463,0.9670429454304441,0.5324024137294814,,,B,high,1
1.0318445394686349,-0.7185769439024832,0.2502019842307739,3.0,3.1365467543055683,A,low,0
-1.485560373036972,-0.5959686631950201,-2.2164691681699,3.0,4.172761422411676,A,med,0
0.26705026586925884,-0.6315503215239477,-0.23288095637090028,1.0,2.666739702521756,C,med,0
0.889630795623437,0.7879794200157408,1.1336025738978455,,-2.985620998790707,C,low,0
0.08228398927542419,0.3085851046499237,,1.0,1.0017220970592686,A,low,1
1.0654803750653512,-0.6957914335554543,1.1580621669923747,4.0,,B,high,1
-0.5172884501003722,-0.11935316326330203,-1.1379815890513156,,0.38481731980340794,A,high,0
1.40934744018558,0.23059605013960405,1.1265361567986372,3.0,1.5530549895261216,,low,0
2.2988981236192503,-0.8330718300212334,3.4803443688618247,4.0,-0.08967262780614238,B,med,1
-0.36283856043965906,0.7648327368146774,0.47559604838721126,3.0,5.567845190403538,A,med,0
-0.4455025214007718,0.6072070708830704,-0.03888925098986967,8.0,5.362984914836031,B,low,1
1.453384477117701,0.01041354715327647,1.6164406540407814,2.0,0.2322622097185414,A,low,1
1.5795721457307124,0.9342532305183409,,2.0,2.294596000778168,A,high,0
-0.5228600271532683,-0.1644780414498006,,1.0,0.6390119044719047,A,med,0
-0.42018681709585726,0.9682206380729956,0.1532272881736671,1.0,3.229889278062756,B,med,0
-0.2817846088605072,0.33583999760725414,0.07941332987190663,5.0,3.0193661544846577,A,med,1
-1.344450511034277,0.2693425465078829,-2.2490913926867218,,3.623411143226531,A,low,1
-0.9186519464841982,-0.66809020940843,-1.671025246223732,0.0,2.6638368954157747,A,low,0
-1.0041407667520679,0.763855516609288,-0.8956431895158372,,7.870812412776936,A,low,0
-0.7677975651041284,-0.1450206241587697,-0.49629549866219413,5.0,-0.0558475300214778,C,low,0
-0.03468488738678118,-0.6755331884350413,-0.03754065538533086,4.0,,A,med,0
0.23421473253652075,-0.9747849600484819,0.25845796246829966,4.0,,A,high,0
1.5505004928140769,0.11951136727676515,2.4274197368241786,,-1.135976531120535,B,low,1
-0.998354040738791,0.05479924424535265,-0.7649018663837581,,-0.9849245400119857,C,low,0
0.9843223984765838,0.4387072447383171,1.9007186180637827,1.0,-0.0026293083959338936,C,med,1
-0.21398884422550896,0.7805161060356043,-0.36126916840724654,3.0,0.15562218913674508,B,high,1
-0.04946370965243295,-0.841186830713941,0.2068960052269755,1.0,0.09076379609987972,A,med,1
0.6748194921666038,0.4629929806807247,1.5926773648597818,4.0,3.036437900890823,B,high,1
-1.1227220215622986,-0.6251761118048356,-2.218193098810107,4.0,0.9876218778293278,B,med,0
0.3824097461840506,0.7163541063143279,,3.0,1.6409708502550397,A,med,1
0.1664522082130561,0.6381270277233122,0.7170295987516211,3.0,3.7884655490018697,C,low,1
0.4924512640081491,0.08158750997108877,,,0.4673549504371475,A,low,0
0.2891686439078181,0.42048559724662304,0.7426418973006419,4.0,1.4709082025905555,C,low,1
2.4553001399108942,-0.3712997736325032,3.652954659771532,2.0,2.731519972185831,C,med,1
-0.637739984251316,-0.057664202134370734,,,,B,high,1
-0.5309969550018176,0.6432737954209433,,4.0,-2.769811017901165,C,high,1
-0.6231405264247644,-0.0814696056535722,,,2.6922346575954457,B,low,0
-0.5554771191602547,-0.2844034693491164,-0.5047621230311985,,2.984028561133797,A,low,1
-0.6373871273065177,-0.011575105499400218,-1.4781301954732464,2.0,6.1284402697048215,B,low,0
1.1890165311075518,0.6564985048744367,2.3107375740719505,1.0,2.31618975173362,A,low,1
1.4205042479898549,-0.32958390525825454,2.8706175942222103,2.0,3.63947943451619,A,med,1
-0.5707462937494763,-0.6524768137285124,-1.2913807951846574,4.0,1.6090547128280523,B,high,1
-0.8323555731042287,0.4240280406615615,-1.4603363036351047,2.0,2.594454443170173,A,high,1
0.4714155563864041,0.6519564254161636,,2.0,5.334513683499068,A,med,1
-0.5522230442809712,-0.7987250429529333,-1.7725136065691178,4.0,,B,high,0
0.6329318177555108,-0.5202517744881106,0.2968908853253592,,2.8272325151433613,C,med,1
0.2029230208512997,-0.7160560204780122,-0.23889752825707106,4.0,6.271173460154732,A,low,1
-1.515744114997232,-0.30411717683566675,-3.1284582705030024,1.0,,A,med,0
1.5475052013300616,-0.0992980421891747,2.2794179478753067,3.0,5.301145926465695,A,med,0
1.7958776730955217,0.49765267392661294,,,0.7415757009411152,B,med,0
-0.6127886904843862,0.30229516976334825,,,1.935905011672573,A,low,0
-0.38770155993598415,0.24185713495686234,0.2990181893953393,1.0,2.0670494047771752,B,low,0
0.28586539072490497,-0.2952501067806912,0.5365690769608092,3.0,-2.4351821587175415,A,low,1
0.334456789987025,0.6828951061695199,,6.0,,A,high,1
0.6585442726728304,-0.05742566520367087,0.6301862994813416,4.0,-0.1937501587679722,C,low,0
2.0102045387663496,0.958209876030309,3.921674359697987,4.0,3.644132156065055,A,med,1
-0.1769472274940494,0.2682842765914737,-0.6772456531429938,1.0,3.74430621136811,B,med,0
-0.7982972445384537,-0.7474705168709945,-1.1260573748249234,5.0,2.6480728854130664,A,low,1
-1.3793192280145272,0.352355124150868,-1.8068816100495912,0.0,3.6482057937114116,B,med,0
-0.7309300399419191,-0.34979196913660204,-0.994665434488788,5.0,1.671701174556452,B,high,0
-0.033126972873797095,0.37265439337219486,-0.45116056543702404,2.0,4.403863339079086,A,low,1
1.7945578635177877,-0.8607177036751885,1.8139430223007846,0.0,2.017576885264144,A,high,1
-0.5176112990361714,-0.6502371256480812,-0.8029214022516052,3.0,2.115728094853513,A,low,1
0.2237879516388985,0.7114745178115727,0.21724518425203376,6.0,1.468814733475177,B,low,1
-0.016422896072752075,-0.5456408859529702,,3.0,3.3689009552728555,C,high,1
1.188393273448084,0.6740822504858801,,2.0,1.1576023667741735,B,high,1
2.5269324258736217,-0.44144782309117914,3.9937618335981773,2.0,3.9528627543961363,B,high,1
-0.5308687729203206,0.2857638201174153,-1.269682906706028,2.0,-0.2642982814320134,A,med,0
-0.48943944251822213,0.388301147019662,-0.26385862142774064,3.0,,A,high,1
1.044160877069072,0.025309506290105865,,7.0,3.3748535102530086,A,high,1
0.6818914896263114,-0.3893786466065374,,,1.8229115708339747,A,high,1
1.8467073257360336,-0.5747112472578078,2.7737186485175096,3.0,1.0922171676937433,A,med,1
0.5839281853259639,-0.9336212908751476,0.53930276421815,3.0,3.7801154649509194,B,low,0
-0.35929209078705954,-0.3921071975185524,-1.0044126630362347,4.0,0.785477171827831,B,high,0
0.5906548306923093,0.306325581062566,0.5348676945316427,3.0,1.5995974913992603,C,low,0
1.1087035805829077,0.8766096368969654,,3.0,4.798455900142319,A,med,0
0.820482181197364,0.742408964526104,1.776752777708945,,5.078284691621301,B,low,1
0.5072740311072977,0.5321295530706052,0.24457443751522157,,5.144796420540654,C,med,1
1.066674689589154,0.5768946865065974,1.9361314773576839,7.0,1.4357484461321774,B,low,0
1.1692955904456728,0.3299698069519905,1.7872041811033799,2.0,4.461405809968941,A,low,0
1.3821589910375272,-0.479426284867994,2.173096731841391,2.0,,A,high,1
0.6487098875896427,0.8143900614116597,1.2292371123453618,3.0,0.18619425055587802,A,low,0
-0.16711808031685435,0.3414646238116681,-0.24466870174299316,3.0,,A,med,0
0.14671368643332283,0.1208812619608799,0.646446512774572,4.0,5.34573640379706,B,low,1
1.2065089665083568,-0.7780210615730379,1.5882819335180751,2.0,0.27204030184784345,A,low,1
-0.8169356709872361,-0.10588891238714915,-1.1202699840830397,3.0,1.74693484050588,A,low,0
0.3686733088729012,-0.07928345759614741,0.7480020294155412,3.0,0.17935131614343214,B,med,0
-0.3933388123273607,0.72912721904534,,3.0,3.390330496660281,C,low,1
0.028744822934817487,0.09329644037557694,,,1.2487326785653197,B,high,1
1.2784518626072987,-0.2391989020591807,,,-0.6096337808658987,B,low,1
0.19109906801990334,0.9536006570213187,0.2551073662522657,,2.883325128372121,A,low,1
0.04643654815614881,-0.7785588133473687,,5.0,-0.867460049620457,A,low,0
-1.3598561409799192,-0.15490314337611077,-2.13688942697175,4.0,0.3251885493690174,A,low,1
0.7462535660272207,-0.9159506496571894,0.5941566320113699,3.0,,B,med,1
0.6454841811410754,0.4798082415338607,1.375060375762811,4.0,,C,high,1
2.16325472330546,0.8361531043983013,4.378642028072933,3.0,2.3570583394409557,A,med,1
-0.30777823495300083,-0.43992534089902113,-0.14074665904259742,3.0,-1.9290720762058493,B,low,0
0.21915032766393897,0.7166833535982418,,4.0,-0.9622914492434314,A,low,1
0.24938368371075526,-0.41556353907620447,0.477328751181055,3.0,1.9952621677343838,B,low,1
1.5774532797634744,0.8215403232878304,3.4414167410568317,4.0,,,high,1
-0.0952955323869521,0.5079238071935679,0.3044228653609571,2.0,5.984073271918618,A,low,1
0.27902152577033923,0.6098135536828773,,5.0,,C,med,1
0.6078965097165392,-0.963986888799091,1.435986543025646,4.0,0.2641550744976928,B,low,0
0.1866091231563581,0.9256207141480519,1.2545788148620538,,3.1142752368069635,B,low,0
-0.44643361455052827,0.4533419841406465,-0.31832513193460465,3.0,3.498565113758903,A,low,1
0.19408999289830758,-0.39049780922773336,,4.0,0.8050422839511933,A,low,0
1.073631749859772,0.6587893297176939,2.01228620619695,4.0,-0.9910830729964077,A,med,1
-1.0265152994110602,-0.4369576031701401,-1.7463002290591827,4.0,1.9754031013838849,C,low,0
0.132969674146876,0.7455076791322559,0.3965012329295757,5.0,1.654308650371778,C,med,1
-0.7001208149391732,-0.774839219176126,-0.6558941525807687,,1.1284710060587617,B,low,0
1.1950466289248425,0.4073719549215915,1.5870415878770587,3.0,2.8846337363289702,A,high,1
-1.5231869047837747,0.08139695328982066,-1.4778980181916939,,0.49854078598880247,C,low,0
-0.5589218472715883,-0.8069310596091184,-0.991916238841756,3.0,,B,high,1
0.37721187506452086,-0.516212343482322,-0.39194144654535046,,,B,high,1
1.5655240292343404,-0.9751919274453704,,3.0,,A,high,1
-0.0657502610729878,-0.06246406907098834,-1.1798706799707879,2.0,-0.35328988780010606,B,low,0
-0.5551995266931984,-0.39746947847999925,-0.7187800208642794,6.0,3.8561812219821623,B,med,0
1.8811570694405901,0.19671496859551763,,,-1.5409622755521561,C,low,1
-1.448013900416244,-0.40552438458276563,-2.6709610207417755,2.0,0.8437730825687133,C,low,1
-2.198805956620082,-0.4001617769860306,-3.436515975445347,1.0,,A,low,0
0.4400144500533324,0.4863863974632068,1.880293590686745,4.0,0.7275525746961404,B,low,1
-0.5020542243526112,-0.9037143280432931,-1.4578118526815316,4.0,0.869879052897615,C,high,1
-1.0212328171307132,0.8057899903839745,,2.0,5.742148964616228,A,low,1
0.7083564472993533,0.7045277487823629,2.1556302465715107,,0.29823182192220266,A,med,1
0.24380071377119883,0.33560936645281303,,3.0,6.882443444943828,A,med,0
-0.5640786307367284,0.1864431402147686,-0.7510485400737845,0.0,2.8742535594621037,B,med,0
-1.2803043986708944,0.7846049962793045,-1.0224225821625113,3.0,2.184110274623984,A,med,0
0.8724573282801447,-0.6293396409425711,1.664754129714372,1.0,2.952480706775332,B,low,1
0.650201177958661,-0.8420616756183428,,2.0,7.059855498503905,A,med,0
-0.09917586377938291,-0.5209796601809238,,3.0,0.012813992137103991,C,low,1
1.8466369960476658,0.5891565574003805,3.6799710293490566,2.0,-0.2408358378727784,A,high,1
-1.0700847663261526,-0.9306594665470334,-1.227949743408491,3.0,0.490267606856158,A,med,1
-1.5255251709247388,0.16561367016697925,-1.924040491216441,,2.064286293929122,,high,1
-0.6919080698812444,0.9908750323826199,,,-1.4515422496251467,B,low,0
-0.045586016355497805,0.7113921876750788,,5.0,2.044678478637216,A,low,1
0.24333944932269183,0.04289137808717891,0.12096941412164497,1.0,5.387094266827344,A,low,0
-0.24123605785632987,-0.8727181814267153,-0.9657820680835784,3.0,2.302814781249555,A,low,1
0.3520553965142968,0.6627470287714197,,,1.414629082049446,B,low,1
-1.251539424190444,0.1979570163544211,-1.0012504177510686,3.0,0.7636791026327452,C,med,1
1.4437646040732595,-0.7701340058808663,,4.0,3.797023409103129,B,low,0
-0.0821511783925688,-0.8122854303532876,-0.3219367325845418,4.0,0.3483344535239048,B,med,1
1.1172958315881276,0.8192536388731848,2.3172148318778367,,,B,high,1
0.34272534637770413,0.3384005258761569,0.7050456168263677,4.0,5.866719495428715,A,med,1
0.4567532191537839,0.6585735986335111,1.2934863853066845,2.0,2.5135015973235753,C,low,1
0.5697672802322039,0.7579578005645347,-0.03115021821657815,1.0,1.9769698238467097,C,low,1
0.44770856001731496,0.14354470409664444,0.5950314625393955,3.0,4.061319616483119,A,low,0
0.6427227598675439,0.03489270351008256,1.1021914590147475,4.0,4.189597004454651,A,low,1
1.3291525301324314,-0.13914517935801962,,0.0,0.3880165378811691,A,med,1
0.19652116970147013,-0.36610682441776143,,4.0,0.946889733726596,A,low,0
0.7090037575885123,-0.13080807828257646,0.8958659867484194,3.0,,B,high,1
-0.08973569428722672,0.5477593114603128,1.0170139634570612,4.0,2.818129876668114,B,med,1
1.4401172154494728,0.20384686203026314,,0.0,3.3332557669137817,C,med,1
-0.6763923020592697,0.7850465799096922,-0.8549679476931398,2.0,-0.6998512757225459,B,low,0
1.8009404329108156,-0.11323997124162455,2.5693718079620633,6.0,,B,low,1
-0.04015795064434341,0.21417915743750804,0.009878869948042608,4.0,,B,med,0
-1.4307751021180481,0.26261510618397743,-2.240684838164895,4.0,0.2024003795123248,A,low,0
0.12810441491078928,0.18339432461265104,0.3813662766865728,,3.1020341204525987,A,low,0
-0.6810516574748808,0.40526754617103267,-1.1980847475706,1.0,0.5330358666434412,B,low,1
0.8406435489887241,-0.5251330632503874,0.43309112438912933,2.0,1.3983480879354027,A,low,1
-0.6526239793023909,0.02472755509158131,-0.6552165794576614,,-1.254623455894631,A,med,1
-0.4461834332147797,-0.7915503943833047,-0.7502855549029166,2.0,2.3739804194493286,C,low,1
-1.889540730945531,-0.2309773447103749,-3.3519576486034803,4.0,1.9114533603107025,B,med,0
-0.4523063192490767,-0.02466586275747118,-0.24311469487105092,,0.5420814999336756,A,low,0
-2.4238793266289567,0.30444851909094495,-3.7993835949806285,3.0,1.6219714046350517,B,med,0
-1.5839028234857233,0.901062105172407,,1.0,2.3605897610068887,C,high,1
0.7604146561442974,0.20130213309671174,1.6514450570710297,3.0,0.37026370218131177,A,high,1
0.7858001586508322,0.4871878323531196,,4.0,-0.9525250880035587,A,low,1
0.42545756178496474,0.012532118990405516,0.871822858243217,3.0,5.611148865373631,C,low,1
-0.966976143129213,0.2682080627526626,,,0.7334545905794547,A,low,0
-0.047711356141979855,-0.8581355677324531,,2.0,1.8064797936262214,A,med,0
-0.0036025390905684044,-0.491216838316306,,4.0,4.0216794700406275,B,med,0
-1.1583646891925428,-0.2762938135897226,,1.0,9.058110375140968,C,med,1
1.5033983017671506,-0.05501328998697286,2.1392037260993484,4.0,-0.4889728997777314,A,low,1
0.8773622905756714,-0.9087025089952325,0.08738303193401753,1.0,2.8996544274530196,A,med,1
-0.22096417382966393,-0.7199518048933646,-0.9369990367622305,2.0,0.5848954294117874,A,low,0
0.02688583899453078,-0.44637138441738844,-0.3252946804017335,1.0,0.9224193908465783,C,med,0
0.20838280794755248,0.9430653818021013,,,0.5595759579864201,A,low,0
-2.0417348684242906,-0.3373059857938985,-3.352004018468775,2.0,,,med,0
-0.24717738252059693,-0.035917883775834936,,,1.9174172764306772,C,low,0
-0.6819842479977986,-0.6078045745232141,-1.087157900215273,3.0,-0.9490053740964712,A,low,1
-1.0016200098949155,0.22156014215153652,-0.9543914067003437,,,C,med,0
-0.2811002928859549,-0.4386335689680514,-0.9658498372370916,2.0,2.110005872066749,C,low,1
1.7976865268495226,-0.5860148431231464,1.8019219410181386,3.0,2.8448699458028797,C,med,1
0.6408428612670098,0.03314525689195813,0.45681471422494235,5.0,1.0676227761075543,A,med,1
-0.5711789897827968,-0.9889884016791584,-1.594864146111238,5.0,1.2655921315765033,B,med,1
0.5725827813561586,-0.9846719347015493,0.19057754577520866,3.0,2.5751278103346564,C,low,1
