,surgery,age,rectal_temp,pulse,respiratory_rate,temp_of_extremities,peripheral_pulse,capillary_refill_time,pain,abdominal_distention,nasogastric_tube,nasogastric_reflux_ph,rectal_exam_feces,abdomen,packed_cell_volume,total_protein,abdomo_protein,surgical_lesion,cp_data,rectal_temp_missing,pulse_missing,respiratory_rate_missing,nasogastric_reflux_ph_missing,packed_cell_volume_missing,total_protein_missing,abdomo_protein_missing,pain_missing,abdomo_appearance_missing,mucous_membrane_bright_pink,mucous_membrane_bright_red,mucous_membrane_dark_cyanotic,mucous_membrane_normal_pink,mucous_membrane_pale_cyanotic,mucous_membrane_pale_pink,peristalsis_absent,peristalsis_hypermotile,peristalsis_hypomotile,peristalsis_normal,nasogastric_reflux_less_1_liter,nasogastric_reflux_more_1_liter,nasogastric_reflux_none,abdomo_appearance_clear,abdomo_appearance_cloudy,abdomo_appearance_serosanguious,abdomo_appearance_unknown,lesion_2_0,lesion_2_1400,lesion_2_3111,lesion_2_3112,lesion_2_6112,lesion_2_7111,lesion_3_0,lesion_3_2209,lesion_site,lesion_type,lesion_subtype,lesion_specific_code
0,0,1,38.5,66.0,28.0,1.0,1.0,1.0,4,3.0,,0.0,2.0,4.0,45.0,8.4,0.0,0,no,0,0,0,1,0,0,1,0,1,False,False,False,False,False,False,True,False,False,False,False,False,False,False,False,False,True,True,False,False,False,False,False,True,False,11,3,0,0
1,1,1,39.2,88.0,20.0,,,0.0,1,1.0,,0.0,0.0,2.0,50.0,85.0,2.0,0,no,0,0,0,1,0,0,0,0,0,False,False,False,False,True,False,True,False,False,False,False,False,False,False,True,False,False,True,False,False,False,False,False,True,False,2,2,0,8
2,0,1,38.3,40.0,24.0,2.0,2.0,0.0,1,0.0,,0.0,1.0,0.0,33.0,6.7,0.0,0,yes,0,0,0,1,0,0,1,0,1,False,False,False,False,False,True,False,False,True,False,False,False,False,False,False,False,True,True,False,False,False,False,False,True,False,0,0,0,0
3,1,0,39.1,164.0,84.0,0.0,2.0,1.0,2,3.0,0.0,5.0,2.0,,48.0,7.2,5.3,1,yes,0,0,0,0,0,0,0,0,0,False,False,True,False,False,False,True,False,False,False,True,False,False,False,False,True,False,True,False,False,False,False,False,True,False,2,2,0,8
4,0,1,37.3,104.0,35.0,,,1.0,-1,,,0.0,,,74.0,7.4,0.0,0,no,0,0,0,1,0,0,1,1,1,False,False,True,False,False,False,False,False,False,False,False,False,False,False,False,False,True,True,False,False,False,False,False,True,False,4,3,0,0
5,0,1,0.0,0.0,0.0,3.0,2.0,0.0,2,1.0,1.0,0.0,2.0,3.0,0.0,0.0,0.0,0,no,1,1,1,1,1,1,1,0,1,False,False,False,False,False,True,False,False,True,False,False,False,True,False,False,False,True,True,False,False,False,False,False,True,False,0,0,0,0
6,1,1,37.9,48.0,16.0,2.0,2.0,0.0,1,2.0,0.0,0.0,2.0,4.0,37.0,7.0,0.0,1,no,0,0,0,1,0,0,1,0,1,False,False,False,True,False,False,False,False,True,False,False,False,True,False,False,False,True,True,False,False,False,False,False,True,False,3,1,2,4
7,1,1,0.0,60.0,0.0,1.0,,0.0,-1,1.0,1.0,0.0,2.0,1.0,44.0,8.3,0.0,1,no,1,0,1,1,0,0,1,1,1,False,False,False,False,False,False,True,False,False,False,False,False,True,False,False,False,True,True,False,False,False,False,False,True,False,2,2,0,8
8,0,1,0.0,80.0,36.0,1.0,0.0,0.0,3,3.0,1.0,0.0,2.0,4.0,38.0,6.2,0.0,1,no,1,0,0,1,0,0,1,0,1,False,False,False,False,False,True,True,False,False,False,False,False,True,False,False,False,True,True,False,False,False,False,False,True,False,3,2,0,5
9,0,0,38.3,90.0,0.0,2.0,,0.0,4,0.0,1.0,0.0,2.0,,40.0,6.2,2.2,0,yes,0,0,1,1,0,0,0,0,0,False,False,False,True,False,False,False,False,True,False,False,False,True,True,False,False,False,True,False,False,False,False,False,True,False,0,0,0,0
10,1,1,38.1,66.0,12.0,1.0,1.0,0.0,1,0.0,1.0,3.0,3.0,4.0,44.0,6.0,3.6,1,yes,0,0,0,0,0,0,0,0,0,False,True,False,False,False,False,False,False,True,False,False,False,True,False,True,False,False,True,False,False,False,False,False,True,False,2,1,2,4
11,0,1,39.1,72.0,52.0,3.0,,0.0,2,1.0,0.0,0.0,0.0,1.0,50.0,7.8,0.0,1,no,0,0,0,1,0,0,1,0,1,True,False,False,False,False,False,False,True,False,False,False,False,True,False,False,False,True,True,False,False,False,False,False,True,False,2,1,1,1
12,1,1,37.2,42.0,12.0,3.0,2.0,0.0,1,2.0,2.0,0.0,0.0,4.0,0.0,7.0,0.0,0,no,0,0,0,1,1,0,1,0,1,False,False,False,True,False,False,False,False,True,False,False,False,True,False,False,False,True,True,False,False,False,False,False,True,False,4,1,2,4
13,0,0,38.0,92.0,28.0,2.0,2.0,0.0,0,1.0,2.0,7.2,1.0,0.0,37.0,6.1,0.0,0,yes,0,0,0,0,0,0,1,0,0,True,False,False,False,False,False,False,False,True,False,False,False,False,True,False,False,False,True,False,False,False,False,False,True,False,0,0,0,0
14,1,1,38.2,76.0,28.0,1.0,2.0,0.0,1,0.0,1.0,0.0,0.0,1.0,46.0,81.0,2.0,1,no,0,0,0,1,0,0,0,0,0,False,False,False,True,False,False,True,False,False,False,True,False,False,True,False,False,False,True,False,False,False,False,False,True,False,2,1,1,2
15,1,1,37.6,96.0,48.0,1.0,2.0,0.0,4,2.0,1.0,4.5,0.0,,45.0,6.8,0.0,1,no,0,0,0,0,0,0,1,0,1,False,False,False,False,True,False,False,False,True,False,False,True,False,False,False,False,True,True,False,False,False,False,False,True,False,3,2,0,7
16,1,0,0.0,128.0,36.0,1.0,1.0,1.0,3,2.0,2.0,0.0,0.0,4.0,53.0,7.8,4.7,0,yes,1,0,0,1,0,0,0,0,0,False,False,False,False,True,False,True,False,False,False,False,False,False,False,False,True,False,True,False,False,False,False,False,True,False,1,4,0,0
17,0,1,37.5,48.0,24.0,,,,-1,,,0.0,,,0.0,0.0,0.0,0,no,0,0,0,1,1,1,1,1,1,False,False,False,False,False,False,False,False,False,False,False,False,False,False,False,False,True,True,False,False,False,False,False,True,False,0,0,0,0
18,1,1,37.6,64.0,21.0,2.0,2.0,0.0,2,0.0,0.0,0.0,3.0,4.0,40.0,7.0,0.0,1,yes,0,0,0,1,0,0,1,0,0,True,False,False,False,False,False,False,False,True,False,False,False,True,True,False,False,False,True,False,False,False,False,False,True,False,4,2,0,5
19,0,1,39.4,110.0,35.0,0.0,1.0,,-1,2.0,,0.0,,,55.0,8.7,0.0,0,no,0,0,0,1,0,0,1,1,1,False,False,True,False,False,False,False,False,True,False,False,False,False,False,False,False,True,True,False,False,False,False,False,True,False,0,0,0,0
20,1,1,39.9,72.0,60.0,2.0,2.0,1.0,4,3.0,2.0,0.0,0.0,1.0,46.0,6.1,0.0,1,no,0,0,0,1,0,0,1,0,0,False,True,False,False,False,False,True,False,False,False,False,False,True,False,True,False,False,True,False,False,False,False,False,True,False,2,1,1,1
21,0,1,38.4,48.0,16.0,2.0,,0.0,0,0.0,1.0,5.5,0.0,3.0,49.0,6.8,0.0,0,no,0,0,0,0,0,0,1,0,1,False,False,False,True,False,False,False,False,True,False,False,True,False,False,False,False,True,True,False,False,False,False,False,True,False,0,0,0,0
22,1,1,38.6,42.0,34.0,3.0,2.0,,2,0.0,,0.0,1.0,,48.0,7.2,0.0,1,no,0,0,0,1,0,0,1,0,1,False,False,False,False,True,False,False,False,True,False,False,False,False,False,False,False,True,True,False,False,False,False,False,True,False,3,1,1,1
23,1,0,38.3,130.0,60.0,,1.0,0.0,2,,,0.0,,,50.0,70.0,0.0,1,no,0,0,0,1,0,0,1,0,1,False,False,False,False,False,False,True,False,False,False,False,False,False,False,False,False,True,True,False,False,False,False,False,True,False,3,1,1,1
24,1,1,38.1,60.0,12.0,1.0,1.0,0.0,-1,2.0,2.0,2.0,,,51.0,65.0,0.0,1,no,0,0,0,0,0,0,1,1,1,False,False,False,False,False,True,True,False,False,False,True,False,False,False,False,False,True,True,False,False,False,False,False,True,False,3,1,1,1
25,0,1,37.8,60.0,42.0,,,0.0,-1,,,0.0,,,0.0,0.0,0.0,0,no,0,0,0,1,1,1,1,1,1,False,False,False,False,False,False,False,False,False,False,False,False,False,False,False,False,True,True,False,False,False,False,False,True,False,0,0,0,0
26,1,1,38.3,72.0,30.0,0.0,1.0,1.0,1,2.0,1.0,0.0,2.0,4.0,43.0,7.0,3.9,1,yes,0,0,0,1,0,0,0,0,0,False,False,False,False,False,True,False,False,True,False,False,False,True,False,True,False,False,True,False,False,False,False,False,True,False,3,1,1,1
27,1,1,37.8,48.0,12.0,1.0,2.0,0.0,-1,1.0,0.0,0.0,1.0,3.0,37.0,5.5,1.3,0,yes,0,0,0,1,0,0,0,1,0,False,False,False,True,False,False,False,False,True,False,False,False,True,False,True,False,False,True,False,False,False,False,False,True,False,4,1,2,2
28,1,1,0.0,0.0,0.0,,,,-1,,,0.0,,,0.0,0.0,0.0,0,no,1,1,1,1,1,1,1,1,1,False,False,False,False,False,False,False,False,False,False,False,False,False,False,False,False,True,True,False,False,False,False,False,True,False,4,3,0,0
29,0,1,37.7,48.0,0.0,3.0,2.0,0.0,0,0.0,0.0,0.0,,,45.0,76.0,0.0,0,no,0,0,1,1,0,0,1,0,1,False,False,False,True,False,False,False,True,False,False,False,False,True,False,False,False,True,True,False,False,False,False,False,True,False,0,0,0,0
30,0,1,37.7,96.0,30.0,1.0,1.0,1.0,4,3.0,2.0,4.0,0.0,4.0,66.0,7.5,0.0,1,no,0,0,0,0,0,0,1,0,1,False,False,False,False,True,False,True,False,False,False,True,False,False,False,False,False,True,True,False,False,False,False,False,True,False,4,2,0,5
31,0,1,37.2,108.0,12.0,1.0,1.0,1.0,2,1.0,,6.0,2.0,3.0,52.0,8.2,7.4,1,yes,0,0,0,0,0,0,0,0,0,False,False,False,False,True,False,True,False,False,False,False,True,False,False,False,True,False,True,False,False,False,False,False,True,False,2,2,0,7
32,1,1,37.2,60.0,0.0,3.0,2.0,0.0,1,2.0,1.0,0.0,0.0,4.0,43.0,6.6,0.0,1,no,0,0,1,1,0,0,1,0,1,False,False,False,True,False,False,False,False,True,False,False,False,True,False,False,False,True,True,False,False,False,False,False,True,False,2,2,0,9
33,1,1,38.2,64.0,28.0,2.0,2.0,0.0,1,,,0.0,0.0,1.0,49.0,8.6,6.6,1,yes,0,0,0,1,0,0,0,0,0,False,False,False,True,False,False,False,True,False,False,False,False,False,False,True,False,False,True,False,False,False,False,False,True,False,2,2,0,8
34,1,1,0.0,100.0,30.0,1.0,1.0,1.0,4,3.0,2.0,0.0,0.0,1.0,52.0,6.6,0.0,1,no,1,0,0,1,0,0,1,0,1,False,False,False,False,True,False,True,False,False,False,False,True,False,False,False,False,True,True,False,False,False,False,False,True,False,1,1,2,4
35,0,1,0.0,104.0,24.0,0.0,1.0,1.0,3,2.0,,0.0,,2.0,73.0,8.4,0.0,1,no,1,0,0,1,0,0,1,0,1,False,False,False,False,False,True,True,False,False,False,False,True,False,False,False,False,True,True,False,False,False,False,False,True,False,7,1,1,1
36,0,1,38.3,112.0,16.0,,1.0,1.0,-1,0.0,0.0,0.0,,4.0,51.0,6.0,1.0,0,yes,0,0,0,1,0,0,0,1,0,False,True,False,False,False,False,False,False,False,False,True,False,False,False,True,False,False,True,False,False,False,False,False,True,False,5,2,0,5
37,1,1,37.8,72.0,0.0,,1.0,0.0,4,0.0,,0.0,1.0,0.0,56.0,80.0,2.0,1,no,0,0,1,1,0,0,0,0,0,False,False,False,False,False,False,False,False,True,False,False,False,True,True,False,False,False,True,False,False,False,False,False,True,False,3,1,1,1
38,0,1,38.6,52.0,0.0,2.0,2.0,0.0,1,1.0,0.0,0.0,1.0,3.0,32.0,6.6,5.0,0,yes,0,0,1,1,0,0,0,0,0,False,False,False,True,False,False,False,False,True,False,False,False,True,True,False,False,False,True,False,False,False,False,False,True,False,0,0,0,0
39,1,0,39.2,146.0,96.0,,,,-1,,,0.0,,,0.0,0.0,0.0,1,no,0,0,0,1,1,1,1,1,1,False,False,False,False,False,False,False,False,False,False,False,False,False,False,False,False,True,True,False,False,False,False,False,True,False,2,1,1,3
40,1,1,0.0,88.0,0.0,1.0,1.0,1.0,4,2.0,0.0,0.0,0.0,4.0,63.0,6.5,0.0,1,no,1,0,1,1,0,0,1,0,0,False,False,True,False,False,False,False,False,True,False,False,True,False,False,False,True,False,True,False,False,False,False,False,True,False,4,2,0,5
41,0,0,39.0,150.0,72.0,,,,-1,,,0.0,,,47.0,8.5,0.1,1,yes,0,0,0,1,0,0,0,1,1,False,False,False,False,False,False,False,False,False,False,False,False,False,False,False,False,True,True,False,False,False,False,False,True,False,9,4,0,0
42,0,1,38.0,60.0,12.0,1.0,2.0,0.0,1,0.0,0.0,0.0,3.0,2.0,47.0,7.0,0.0,0,no,0,0,0,1,0,0,1,0,1,False,False,False,False,False,True,False,False,True,False,False,False,True,False,False,False,True,True,False,False,False,False,False,True,False,3,1,1,1
43,1,1,0.0,120.0,0.0,1.0,0.0,0.0,3,3.0,0.0,0.0,,4.0,52.0,67.0,2.0,1,no,1,0,1,1,0,0,0,0,0,False,False,False,False,True,False,True,False,False,False,False,False,True,False,True,False,False,True,False,False,False,False,False,True,False,3,2,0,5
44,1,1,35.4,140.0,24.0,1.0,1.0,1.0,3,,1.0,0.0,,4.0,57.0,69.0,2.0,1,no,0,0,0,1,0,0,0,0,0,False,False,False,False,True,False,True,False,False,False,False,False,True,False,False,True,False,True,False,False,False,False,False,True,False,3,2,0,5
45,0,1,0.0,120.0,0.0,0.0,1.0,1.0,4,3.0,0.0,0.0,0.0,4.0,60.0,6.5,0.0,1,no,1,0,1,1,0,0,1,0,0,False,False,False,False,True,False,True,False,False,False,False,False,True,False,False,True,False,True,False,False,False,False,False,True,False,3,2,0,5
46,1,1,37.9,60.0,15.0,1.0,,1.0,4,3.0,1.0,0.0,0.0,4.0,65.0,7.5,0.0,1,yes,0,0,0,1,0,0,1,0,1,False,False,False,False,True,False,True,False,False,False,True,False,False,False,False,False,True,True,False,False,False,False,False,True,False,2,3,0,5
47,0,1,37.5,48.0,16.0,2.0,2.0,0.0,0,0.0,0.0,0.0,1.0,,37.0,6.5,0.0,0,no,0,0,0,1,0,0,1,0,1,False,False,False,True,False,False,False,True,False,False,False,False,True,False,False,False,True,True,False,False,False,False,False,True,False,0,0,0,0
48,1,1,38.9,80.0,44.0,1.0,1.0,1.0,2,2.0,1.0,7.0,2.0,0.0,54.0,6.5,0.0,1,no,0,0,0,0,0,0,1,0,0,False,False,False,False,False,True,False,False,True,False,True,False,False,False,False,True,False,True,False,False,False,False,False,True,False,7,1,1,1
49,0,1,37.2,84.0,48.0,1.0,1.0,1.0,3,1.0,0.0,0.0,3.0,0.0,73.0,5.5,4.1,0,yes,0,0,0,1,0,0,0,0,0,False,True,False,False,False,False,False,True,False,False,True,False,False,False,True,False,False,True,False,False,False,False,False,True,False,4,3,0,0
50,0,1,38.6,46.0,0.0,2.0,2.0,0.0,0,1.0,0.0,0.0,,2.0,49.0,9.1,1.6,0,yes,0,0,1,1,0,0,0,0,0,True,False,False,False,False,False,False,False,True,False,False,False,True,True,False,False,False,True,False,False,False,False,False,True,False,3,1,1,1
51,1,1,37.4,84.0,36.0,2.0,,1.0,1,1.0,,0.0,0.0,4.0,0.0,0.0,0.0,1,yes,0,0,0,1,1,1,1,0,0,False,False,False,False,False,True,False,False,True,False,False,False,False,False,False,True,False,True,False,False,False,False,False,True,False,7,2,0,9
52,0,1,0.0,0.0,0.0,2.0,2.0,0.0,0,0.0,,0.0,3.0,2.0,43.0,7.7,0.0,0,no,1,1,1,1,0,0,1,0,1,False,False,False,False,False,True,False,False,True,False,False,False,False,False,False,False,True,True,False,False,False,False,False,True,False,3,1,1,1
53,0,1,38.6,40.0,20.0,,,0.0,-1,,,0.0,,,41.0,6.4,0.0,0,yes,0,0,0,1,0,0,1,1,1,False,False,False,False,False,False,False,False,False,False,False,False,False,False,False,False,True,True,False,False,False,False,False,True,False,3,1,1,1
54,0,1,40.3,114.0,36.0,1.0,1.0,1.0,2,2.0,1.0,7.0,1.0,4.0,57.0,8.1,4.5,1,yes,0,0,0,0,0,0,0,0,0,False,False,False,True,False,False,False,False,True,False,False,False,True,False,False,True,False,True,False,False,False,False,False,True,False,7,4,0,0
55,1,0,38.6,160.0,20.0,1.0,,0.0,1,3.0,2.0,0.0,0.0,,38.0,0.0,0.0,1,yes,0,0,0,1,0,1,1,0,0,False,True,False,False,False,False,False,False,True,False,False,False,False,False,True,False,False,True,False,False,False,False,False,True,False,7,1,1,1
56,1,1,0.0,0.0,0.0,,,,-1,,,0.0,,,24.0,6.7,0.0,1,no,1,1,1,1,0,0,1,1,1,False,False,False,False,False,False,False,False,False,False,False,False,False,False,False,False,True,True,False,False,False,False,False,True,False,3,1,1,2
57,1,1,0.0,64.0,36.0,3.0,,0.0,4,2.0,1.0,0.0,,,42.0,7.7,0.0,1,no,1,0,0,1,0,0,1,0,1,True,False,False,False,False,False,False,False,True,False,True,False,False,False,False,False,True,True,False,False,False,False,False,True,False,3,2,0,9
58,1,1,0.0,0.0,20.0,0.0,1.0,,4,2.0,1.0,0.0,0.0,1.0,53.0,5.9,0.0,1,yes,1,1,0,1,0,0,1,0,0,False,False,False,False,False,True,True,False,False,False,False,False,False,False,False,True,False,True,False,False,False,False,False,True,False,3,2,0,5
59,0,1,0.0,96.0,0.0,1.0,1.0,1.0,4,3.0,0.0,0.0,0.0,4.0,60.0,0.0,0.0,1,no,1,0,1,1,0,1,1,0,1,False,False,False,False,False,True,True,False,False,False,True,False,False,False,False,False,True,True,False,False,False,False,False,True,False,4,2,0,5
60,0,1,37.8,48.0,32.0,2.0,2.0,0.0,2,,0.0,0.0,0.0,4.0,37.0,6.7,0.0,0,no,0,0,0,1,0,0,1,0,1,False,False,False,False,False,True,False,True,False,False,False,False,True,False,False,False,True,True,False,False,False,False,False,True,False,2,1,2,4
61,0,1,38.5,60.0,0.0,3.0,3.0,0.0,0,1.0,1.0,0.0,1.0,0.0,44.0,7.7,0.0,0,no,0,0,1,1,0,0,1,0,1,False,False,False,True,False,False,False,False,False,True,False,False,True,False,False,False,True,True,False,False,False,False,False,True,False,0,0,0,0
62,1,1,37.8,88.0,22.0,3.0,2.0,0.0,1,,1.0,0.0,0.0,,64.0,8.0,6.0,1,yes,0,0,0,1,0,0,0,0,0,True,False,False,False,False,False,False,False,False,False,False,False,False,True,False,False,False,True,False,False,False,False,False,True,False,3,2,0,5
63,0,1,38.2,130.0,16.0,0.0,1.0,1.0,2,3.0,0.0,0.0,,,65.0,82.0,2.0,0,no,0,0,0,1,0,0,0,0,0,False,False,False,False,True,False,True,False,False,False,False,False,True,False,True,False,False,False,True,False,False,False,False,True,False,2,2,0,9
64,1,1,39.0,64.0,36.0,1.0,2.0,1.0,1,1.0,0.0,7.0,0.0,4.0,44.0,7.5,5.0,1,yes,0,0,0,0,0,0,0,0,0,False,False,False,False,True,False,False,False,True,False,True,False,False,False,False,True,False,True,False,False,False,False,False,True,False,2,1,1,3
65,1,1,0.0,60.0,36.0,1.0,2.0,0.0,1,1.0,0.0,0.0,2.0,1.0,26.0,72.0,1.0,1,no,1,0,0,1,0,0,0,0,0,False,False,False,False,False,True,False,False,True,False,False,False,True,False,True,False,False,True,False,False,False,False,False,True,False,2,2,0,8
66,0,1,37.9,72.0,0.0,2.0,2.0,1.0,1,0.0,0.0,2.0,2.0,1.0,58.0,74.0,2.0,1,no,0,0,1,0,0,0,0,0,0,False,True,False,False,False,False,False,False,True,False,False,True,False,True,False,False,False,True,False,False,False,False,False,True,False,2,3,2,2
67,0,1,38.4,54.0,24.0,2.0,2.0,0.0,0,0.0,1.0,0.0,2.0,2.0,49.0,7.2,0.0,0,yes,0,0,0,1,0,0,1,0,0,False,False,False,True,False,False,False,False,True,False,False,False,True,True,False,False,False,True,False,False,False,False,False,True,False,3,1,1,1
68,0,1,0.0,52.0,16.0,2.0,,0.0,-1,,1.0,5.5,,,55.0,7.2,0.0,0,no,1,0,0,0,0,0,1,1,1,False,False,False,False,False,True,False,False,False,False,False,True,False,False,False,False,True,True,False,False,False,False,False,True,False,2,1,2,4
69,0,1,38.0,48.0,12.0,2.0,2.0,0.0,0,,0.0,0.0,2.0,2.0,42.0,6.3,4.1,0,yes,0,0,0,1,0,0,0,0,0,False,False,False,True,False,False,False,False,True,False,False,False,True,False,True,False,False,True,False,False,False,False,False,True,False,3,1,1,1
70,0,1,37.0,60.0,20.0,1.0,,0.0,1,2.0,1.0,4.5,0.0,1.0,43.0,7.6,0.0,1,yes,0,0,0,0,0,0,1,0,1,False,False,False,False,False,False,False,False,False,False,True,False,False,False,False,False,True,True,False,False,False,False,False,True,False,2,2,0,9
71,1,1,37.8,48.0,28.0,2.0,2.0,0.0,0,0.0,1.0,0.0,1.0,0.0,46.0,5.9,7.0,0,yes,0,0,0,1,0,0,0,0,0,False,False,False,True,False,False,False,False,False,True,False,False,False,False,True,False,False,True,False,False,False,False,False,True,False,0,0,0,0
72,1,1,37.7,56.0,0.0,,,,-1,,,0.0,,,0.0,0.0,0.0,1,no,0,0,1,1,1,1,1,1,1,False,False,False,False,False,False,False,False,False,False,False,False,False,False,False,False,True,True,False,False,False,False,False,True,False,2,1,1,3
73,1,1,38.1,52.0,24.0,2.0,2.0,0.0,3,0.0,1.0,7.0,1.0,,54.0,7.5,2.6,1,yes,0,0,0,0,0,0,0,0,0,False,True,False,False,False,False,False,False,True,False,False,True,False,False,True,False,False,True,False,False,False,False,False,True,False,2,1,1,2
74,1,0,0.0,0.0,0.0,,,,-1,,,0.0,,,37.0,4.9,0.0,1,no,1,1,1,1,0,0,1,1,1,False,False,False,False,False,False,False,False,False,False,False,False,False,False,False,False,True,True,False,False,False,False,False,True,False,11,1,2,4
75,1,0,39.7,100.0,0.0,1.0,1.0,1.0,2,,,0.0,,,48.0,57.0,2.0,1,no,0,0,1,1,0,0,0,0,0,False,True,False,False,False,False,False,False,True,False,False,False,False,False,True,False,False,True,False,False,False,False,False,True,False,1,4,0,0
76,1,1,37.6,38.0,20.0,1.0,1.0,0.0,1,1.0,,0.0,2.0,,37.0,68.0,0.0,1,no,0,0,0,1,0,0,1,0,1,False,False,False,True,False,False,False,False,True,False,False,False,False,False,False,False,True,True,False,False,False,False,False,True,False,3,2,0,5
77,0,1,38.7,52.0,20.0,3.0,,0.0,0,0.0,0.0,0.0,1.0,0.0,33.0,77.0,0.0,0,no,0,0,0,1,0,0,1,0,1,False,False,False,True,False,False,False,True,False,False,False,False,True,False,False,False,True,True,False,False,False,False,False,True,False,0,0,0,0
78,1,1,0.0,0.0,0.0,1.0,1.0,0.0,4,2.0,2.0,0.0,0.0,4.0,46.0,5.9,0.0,1,no,1,1,1,1,0,0,1,0,1,False,False,False,False,False,True,False,False,True,False,True,False,False,False,False,False,True,True,False,False,False,False,False,True,False,3,0,2,5
79,1,1,37.5,96.0,18.0,2.0,1.0,1.0,1,1.0,1.0,5.0,,1.0,69.0,8.9,0.0,1,yes,0,0,0,0,0,0,1,0,0,False,False,True,False,False,False,True,False,False,False,False,True,False,False,False,True,False,True,False,False,False,False,False,True,False,2,2,0,8
80,1,1,36.4,98.0,35.0,1.0,1.0,0.0,3,1.0,,0.0,0.0,1.0,47.0,6.4,3.6,1,yes,0,0,0,1,0,0,0,0,0,False,False,False,False,True,False,False,False,True,False,False,False,False,False,False,True,False,True,False,False,False,False,False,True,False,2,2,0,5
81,1,1,37.3,40.0,0.0,,1.0,0.0,2,1.0,2.0,0.0,2.0,4.0,36.0,0.0,2.0,1,no,0,0,1,1,0,1,0,0,0,False,False,False,True,False,False,False,False,True,False,False,False,True,False,False,True,False,True,False,False,False,False,False,True,False,3,1,1,1
82,1,0,38.1,100.0,80.0,1.0,2.0,0.0,1,0.0,,0.0,1.0,,36.0,5.7,0.0,1,no,0,0,0,1,0,0,1,0,1,True,False,False,False,False,False,True,False,False,False,False,False,False,False,False,False,True,True,False,False,False,False,False,True,False,3,1,1,1
83,1,1,38.0,0.0,24.0,1.0,1.0,1.0,4,3.0,0.0,0.0,,,68.0,7.8,0.0,1,no,0,1,0,1,0,0,1,0,1,False,False,True,False,False,False,False,False,False,False,False,False,True,False,False,False,True,True,False,False,False,False,False,True,False,3,2,0,5
84,1,1,37.8,60.0,80.0,2.0,1.0,1.0,2,2.0,,5.5,0.0,,40.0,4.5,0.0,1,yes,0,0,0,0,0,0,1,0,0,True,False,False,False,False,False,False,False,True,False,True,False,False,False,True,False,False,True,False,False,False,False,False,True,False,5,2,0,6
85,0,1,38.0,54.0,30.0,3.0,1.0,0.0,1,1.0,1.0,0.0,,1.0,45.0,6.2,0.0,0,no,0,0,0,1,0,0,1,0,1,False,False,False,False,False,True,False,True,False,False,True,False,False,False,False,False,True,True,False,False,False,False,False,True,False,0,4,0,0
86,1,1,0.0,88.0,40.0,1.0,1.0,1.0,4,2.0,2.0,0.0,0.0,4.0,50.0,7.7,1.4,1,yes,1,0,0,1,0,0,0,0,0,False,False,False,False,True,False,True,False,False,False,False,False,False,False,False,True,False,True,False,False,False,False,False,True,False,4,2,0,5
87,0,1,0.0,40.0,16.0,,,0.0,-1,,,0.0,,,50.0,7.0,3.9,1,yes,1,0,0,1,0,0,0,1,0,False,False,False,False,False,False,False,False,False,False,False,False,False,False,True,False,False,True,False,False,False,False,False,True,False,2,2,0,8
88,0,1,39.0,64.0,40.0,2.0,2.0,0.0,1,1.0,1.0,0.0,2.0,3.0,42.0,7.5,2.3,0,yes,0,0,0,1,0,0,0,0,0,False,True,False,False,False,False,False,False,True,False,False,False,True,False,True,False,False,True,False,False,False,False,False,True,False,5,0,0,0
89,0,1,38.3,42.0,10.0,2.0,2.0,0.0,0,0.0,,0.0,,,38.0,61.0,0.0,0,no,0,0,0,1,0,0,1,0,1,False,False,False,True,False,False,False,True,False,False,False,False,False,False,False,False,True,True,False,False,False,False,False,True,False,0,0,0,0
90,0,1,38.0,52.0,16.0,,,,2,,,1.0,1.0,0.0,53.0,86.0,0.0,1,no,0,0,0,0,0,0,1,0,1,False,False,False,False,False,False,False,False,False,False,False,True,False,False,False,False,True,True,False,False,False,False,False,True,False,2,3,2,2
91,0,1,40.3,114.0,36.0,1.0,1.0,1.0,2,2.0,1.0,7.0,1.0,4.0,57.0,8.1,4.5,1,yes,0,0,0,0,0,0,0,0,0,False,False,False,True,False,False,False,False,True,False,False,False,True,False,False,True,False,True,False,False,False,False,False,True,False,3,2,0,5
92,0,1,38.8,50.0,20.0,1.0,2.0,0.0,0,0.0,1.0,0.0,2.0,0.0,42.0,6.2,0.0,0,no,0,0,0,1,0,0,1,0,1,False,False,False,True,False,False,False,True,False,False,False,False,True,False,False,False,True,True,False,False,False,False,False,True,False,0,0,0,0
93,0,1,0.0,0.0,0.0,1.0,1.0,0.0,4,2.0,0.0,0.0,0.0,4.0,38.0,6.5,0.0,1,no,1,1,1,1,0,0,1,0,1,False,False,False,True,False,False,False,False,True,False,False,False,True,False,False,False,True,True,False,False,False,False,False,True,False,3,2,0,5
94,0,1,37.5,48.0,30.0,0.0,2.0,0.0,-1,0.0,0.0,0.0,1.0,0.0,48.0,8.6,0.0,0,no,0,0,0,1,0,0,1,1,1,False,False,False,False,False,True,False,False,False,True,False,False,True,False,False,False,True,True,False,False,False,False,False,True,False,0,0,0,0
95,1,1,37.3,48.0,20.0,,2.0,0.0,1,2.0,1.0,0.0,2.0,4.0,41.0,69.0,0.0,1,no,0,0,0,1,0,0,1,0,1,True,False,False,False,False,False,False,False,True,False,False,False,True,False,False,False,True,True,False,False,False,False,False,True,False,3,2,0,5
96,0,1,0.0,84.0,36.0,,,0.0,-1,0.0,1.0,0.0,2.0,2.0,44.0,8.5,0.0,1,no,1,0,0,1,0,0,1,1,1,False,False,False,False,False,True,False,False,True,False,False,False,True,False,False,False,True,True,False,False,False,False,False,True,False,3,1,1,1
97,1,1,38.1,88.0,32.0,1.0,1.0,0.0,2,2.0,,1.0,0.0,4.0,55.0,60.0,0.0,0,no,0,0,0,0,0,0,1,0,1,False,False,False,False,True,False,False,False,True,False,False,True,False,False,False,False,True,True,False,False,False,False,False,True,False,3,2,0,5
98,0,1,37.7,44.0,40.0,3.0,2.0,0.0,0,1.0,0.0,0.0,1.0,4.0,41.0,60.0,0.0,0,no,0,0,0,1,0,0,1,0,1,False,False,False,False,False,True,False,False,True,False,False,False,True,False,False,False,True,True,False,False,False,False,False,True,False,0,0,0,0
99,0,1,39.6,108.0,51.0,1.0,1.0,1.0,2,2.0,0.0,0.0,2.0,4.0,59.0,8.0,2.6,0,yes,0,0,0,1,0,0,0,0,0,False,False,True,False,False,False,True,False,False,False,True,False,False,False,True,False,False,True,False,False,False,False,False,True,False,4,3,0,0
100,1,1,38.2,40.0,16.0,1.0,1.0,0.0,0,,,0.0,1.0,0.0,34.0,66.0,0.0,0,no,0,0,0,1,0,0,1,0,1,False,False,False,True,False,False,False,False,True,False,False,False,False,False,False,False,True,True,False,False,False,False,False,True,False,0,0,0,0
101,1,1,0.0,60.0,20.0,0.0,1.0,1.0,4,,,0.0,0.0,4.0,0.0,0.0,0.0,1,no,1,0,0,1,1,1,1,0,1,False,False,False,False,True,False,True,False,False,False,False,False,True,False,False,False,True,True,False,False,False,False,False,True,False,3,2,0,5
102,0,1,38.3,40.0,16.0,1.0,,0.0,2,,,0.0,,,37.0,57.0,0.0,0,no,0,0,0,1,0,0,1,0,1,False,False,False,True,False,False,False,False,False,False,False,False,False,False,False,False,True,True,False,False,False,False,False,True,False,0,0,0,0
103,1,0,38.0,140.0,68.0,2.0,2.0,0.0,1,1.0,,0.0,3.0,0.0,39.0,5.3,0.0,1,no,0,0,0,1,0,0,1,0,1,False,False,False,True,False,False,False,False,True,False,False,False,False,False,False,False,True,True,False,False,False,False,False,True,False,7,1,1,1
104,1,1,37.8,52.0,24.0,2.0,1.0,0.0,3,0.0,1.0,5.7,3.0,4.0,48.0,6.6,3.7,1,no,0,0,0,0,0,0,0,0,0,False,False,False,False,False,True,True,False,False,False,False,True,False,True,False,False,False,True,False,False,False,False,False,True,False,5,4,0,0
105,1,1,0.0,70.0,36.0,2.0,,1.0,2,1.0,1.0,0.0,0.0,4.0,36.0,7.3,0.0,1,no,1,0,0,1,0,0,1,0,1,False,False,False,False,False,True,False,False,True,False,False,False,False,False,False,False,True,True,False,False,False,False,False,True,False,31,1,1,0
106,1,1,38.3,52.0,96.0,,1.0,0.0,-1,,0.0,0.0,1.0,,43.0,6.1,0.0,1,yes,0,0,0,1,0,0,1,1,1,False,False,False,False,False,True,False,False,False,False,False,False,True,False,False,False,True,True,False,False,False,False,False,True,False,3,2,0,9
107,0,1,37.3,50.0,32.0,2.0,2.0,0.0,0,1.0,,0.0,1.0,,44.0,7.0,0.0,0,no,0,0,0,1,0,0,1,0,1,False,False,False,False,False,True,False,False,True,False,False,False,False,False,False,False,True,True,False,False,False,False,False,True,False,0,0,0,0
108,1,1,38.7,60.0,32.0,0.0,1.0,1.0,3,3.0,,0.0,0.0,4.0,53.0,64.0,2.0,1,no,0,0,0,1,0,0,0,0,0,True,False,False,False,False,False,True,False,False,False,False,False,False,False,False,True,False,True,False,False,False,False,False,True,False,3,2,0,5
109,1,0,38.4,84.0,40.0,1.0,1.0,0.0,1,2.0,0.0,0.0,,,36.0,6.6,2.8,1,yes,0,0,0,1,0,0,0,0,0,True,False,False,False,False,False,False,False,True,False,False,False,True,False,True,False,False,True,False,False,False,False,False,True,False,2,2,0,5
110,1,1,0.0,70.0,16.0,1.0,0.0,1.0,2,1.0,1.0,0.0,0.0,4.0,60.0,7.5,0.0,1,no,1,0,0,1,0,0,1,0,1,False,True,False,False,False,False,False,False,True,False,False,False,True,False,False,False,True,True,False,False,False,False,False,True,False,2,1,1,2
111,1,1,38.3,40.0,16.0,1.0,,0.0,0,1.0,,0.0,,,38.0,58.0,2.0,1,no,0,0,0,1,0,0,0,0,0,False,False,False,False,False,False,False,False,True,False,False,False,False,True,False,False,False,False,False,False,False,False,True,True,False,3,1,1,1
112,1,1,0.0,40.0,0.0,3.0,2.0,0.0,0,0.0,0.0,0.0,,4.0,39.0,56.0,0.0,1,no,1,0,1,1,0,0,1,0,1,False,False,False,True,False,False,False,False,True,False,False,False,True,False,False,False,True,True,False,False,False,False,False,True,False,3,1,1,1
113,1,1,36.8,60.0,28.0,,,,-1,,,0.0,,,0.0,0.0,10.0,1,yes,0,0,0,1,1,1,0,1,1,False,False,False,False,False,False,False,False,False,False,False,False,False,False,False,False,True,True,False,False,False,False,False,True,False,3,2,0,5
114,1,1,38.4,44.0,24.0,1.0,,,4,2.0,1.0,0.0,0.0,4.0,50.0,77.0,0.0,1,no,0,0,0,1,0,0,1,0,1,False,False,False,False,True,False,True,False,False,False,False,False,True,False,False,False,True,True,False,False,False,False,False,True,False,3,2,0,5
115,0,1,0.0,0.0,40.0,1.0,2.0,0.0,1,1.0,,0.0,,,45.0,70.0,0.0,0,no,1,1,0,1,0,0,1,0,1,False,False,False,True,False,False,False,False,True,False,False,False,False,False,False,False,True,True,False,False,False,False,False,True,False,0,0,0,0
116,1,1,38.0,44.0,12.0,2.0,2.0,0.0,1,2.0,1.0,0.0,0.0,4.0,42.0,65.0,0.0,1,no,0,0,0,1,0,0,1,0,1,False,False,False,True,False,False,False,False,True,False,False,False,True,False,False,False,True,False,False,True,False,False,False,True,False,3,2,0,5
117,0,1,39.5,0.0,0.0,1.0,1.0,1.0,1,2.0,,5.5,0.0,4.0,0.0,6.7,0.0,1,no,0,1,1,0,1,0,1,0,0,False,False,False,False,True,False,True,False,False,False,False,True,False,True,False,False,False,True,False,False,False,False,False,True,False,4,2,0,5
118,1,1,36.5,78.0,30.0,2.0,,0.0,4,0.0,,0.0,,,34.0,75.0,1.0,1,no,0,0,0,1,0,0,0,0,0,False,False,False,True,False,False,False,False,True,False,False,False,True,False,True,False,False,False,False,False,False,True,False,True,False,3,1,1,2
119,0,1,38.1,56.0,20.0,3.0,2.0,0.0,0,0.0,0.0,0.0,,,46.0,70.0,0.0,0,no,0,0,0,1,0,0,1,0,1,True,False,False,False,False,False,False,False,True,False,False,False,True,False,False,False,True,True,False,False,False,False,False,True,False,0,0,0,0
120,1,1,39.4,54.0,66.0,2.0,2.0,0.0,2,1.0,0.0,0.0,2.0,1.0,39.0,6.0,0.0,1,yes,0,0,0,1,0,0,1,0,0,True,False,False,False,False,False,False,False,True,False,False,False,True,False,True,False,False,True,False,False,False,False,False,True,False,2,2,0,6
121,1,1,38.3,80.0,40.0,,,1.0,3,0.0,,0.0,1.0,1.0,67.0,10.2,1.0,1,no,0,0,0,1,0,0,0,0,0,False,False,True,False,False,False,False,False,True,False,True,False,False,False,True,False,False,True,False,False,False,False,False,True,False,2,2,0,8
122,0,1,38.7,40.0,28.0,3.0,2.0,0.0,1,0.0,,0.0,1.0,,39.0,62.0,1.0,0,no,0,0,0,1,0,0,0,0,0,False,False,False,True,False,False,False,True,False,False,False,False,False,True,False,False,False,True,False,False,False,False,False,True,False,0,0,0,0
123,1,1,38.2,64.0,24.0,2.0,2.0,0.0,3,2.0,1.0,0.0,0.0,1.0,45.0,7.5,2.0,1,yes,0,0,0,1,0,0,0,0,0,False,False,False,False,False,True,True,False,False,False,False,False,True,True,False,False,False,True,False,False,False,False,False,True,False,3,2,0,5
124,0,1,37.6,48.0,20.0,1.0,2.0,0.0,0,2.0,1.0,0.0,1.0,0.0,37.0,5.5,0.0,1,no,0,0,0,1,0,0,1,0,1,False,False,False,False,True,False,False,True,False,False,False,False,True,False,False,False,True,True,False,False,False,False,False,True,False,2,2,0,5
125,1,1,38.0,42.0,68.0,0.0,2.0,0.0,1,1.0,1.0,0.0,0.0,1.0,41.0,7.6,0.0,1,no,0,0,0,1,0,0,1,0,1,False,False,False,True,False,False,False,False,True,False,True,False,False,False,False,False,True,True,False,False,False,False,False,True,False,2,2,0,5
126,1,1,38.7,0.0,0.0,1.0,2.0,0.0,4,1.0,,0.0,,,33.0,6.5,0.0,1,no,0,1,1,1,0,0,1,0,0,False,False,False,False,False,True,True,False,False,False,False,False,False,False,True,False,False,True,False,False,False,False,False,True,False,31,1,1,0
127,1,1,37.4,50.0,32.0,1.0,1.0,0.0,3,0.0,1.0,0.0,1.0,,45.0,7.9,1.0,1,yes,0,0,0,1,0,0,0,0,0,False,False,False,False,False,False,True,False,False,False,False,False,True,False,True,False,False,True,False,False,False,False,False,True,False,2,2,0,8
128,1,1,37.4,84.0,20.0,,,0.0,2,2.0,,0.0,,,31.0,61.0,1.0,0,no,0,0,0,1,0,0,0,0,1,False,False,False,False,False,True,False,False,True,False,False,False,False,False,False,False,True,True,False,False,False,False,False,True,False,2,2,0,8
129,1,1,38.4,49.0,0.0,,,0.0,-1,0.0,1.0,0.0,,,44.0,7.6,0.0,1,no,0,0,1,1,0,0,1,1,1,False,False,False,True,False,False,False,False,False,False,False,False,True,False,False,False,True,True,False,False,False,False,False,True,False,2,2,0,6
130,1,1,37.8,30.0,12.0,,,,-1,,,0.0,,,0.0,0.0,0.0,1,no,0,0,0,1,1,1,1,1,1,False,False,False,False,False,False,False,False,False,False,False,False,False,False,False,False,True,True,False,False,False,False,False,True,False,2,1,1,3
131,0,1,37.6,88.0,36.0,1.0,2.0,0.0,1,1.0,0.0,1.5,,,44.0,6.0,0.0,1,no,0,0,0,0,0,0,1,0,1,False,False,False,True,False,False,False,False,True,False,False,True,False,False,False,False,True,True,False,False,False,False,False,True,False,1,4,0,0
132,0,1,37.9,40.0,24.0,2.0,2.0,0.0,2,0.0,,0.0,,3.0,40.0,5.7,0.0,1,no,0,0,0,1,0,0,1,0,1,False,False,False,True,False,False,False,False,True,False,False,False,False,False,False,False,True,True,False,False,False,False,False,True,False,0,4,0,0
133,1,1,0.0,100.0,0.0,1.0,,1.0,4,,1.0,0.0,3.0,,59.0,6.3,0.0,1,no,1,0,1,1,0,0,1,0,1,False,False,False,False,True,False,True,False,False,False,False,False,False,False,False,False,True,True,False,False,False,False,False,True,False,4,2,0,5
134,1,0,38.1,136.0,48.0,1.0,1.0,0.0,4,2.0,1.0,4.4,3.0,,33.0,4.9,2.9,1,yes,0,0,0,0,0,0,0,0,0,False,False,False,False,False,True,False,True,False,False,True,False,False,False,True,False,False,True,False,False,False,False,False,True,False,2,2,0,5
135,1,1,0.0,0.0,0.0,1.0,1.0,1.0,4,2.0,2.0,0.0,0.0,4.0,46.0,5.9,0.0,1,no,1,1,1,1,0,0,1,0,1,False,False,False,False,False,True,False,False,True,False,True,False,False,False,False,False,True,True,False,False,False,False,False,True,False,3,0,2,5
136,1,1,38.0,48.0,0.0,2.0,2.0,0.0,0,3.0,1.0,0.0,0.0,4.0,0.0,0.0,0.0,1,no,0,0,1,1,1,1,1,0,1,False,False,False,True,False,False,False,False,False,True,True,False,False,False,False,False,True,True,False,False,False,False,False,True,False,3,1,1,1
137,0,1,38.0,56.0,0.0,2.0,3.0,0.0,0,0.0,0.0,0.0,1.0,0.0,42.0,71.0,0.0,0,no,0,0,1,1,0,0,1,0,1,False,False,False,False,False,True,False,True,False,False,False,False,True,False,False,False,True,True,False,False,False,False,False,True,False,0,0,0,0
138,0,1,38.0,60.0,32.0,2.0,2.0,0.0,1,,0.0,0.0,,,50.0,7.0,1.0,0,no,0,0,0,1,0,0,0,0,0,False,False,False,False,False,False,False,False,True,False,False,False,True,True,False,False,False,True,False,False,False,False,False,True,False,0,0,0,0
139,1,1,38.1,44.0,9.0,1.0,2.0,0.0,2,0.0,0.0,0.0,0.0,4.0,31.0,7.3,0.0,0,no,0,0,0,1,0,0,1,0,1,False,False,False,True,False,False,False,False,False,True,False,False,True,False,False,False,True,True,False,False,False,False,False,True,False,5,1,2,4
140,0,1,36.0,42.0,30.0,,,0.0,-1,,,0.0,,,64.0,6.8,0.0,0,no,0,0,0,1,0,0,1,1,1,False,True,False,False,False,False,False,False,False,False,False,False,False,False,False,False,True,True,False,False,False,False,False,True,False,1,4,0,0
141,1,1,0.0,120.0,0.0,0.0,1.0,1.0,4,3.0,,0.0,0.0,4.0,57.0,4.5,3.9,1,yes,1,0,1,1,0,0,0,0,0,False,False,True,False,False,False,True,False,False,False,False,False,False,False,False,True,False,True,False,False,False,False,False,True,False,3,2,0,5
142,1,1,37.8,48.0,28.0,2.0,2.0,1.0,0,0.0,1.0,0.0,1.0,0.0,46.0,5.9,7.0,0,yes,0,0,0,1,0,0,0,0,0,False,False,False,True,False,False,False,False,False,True,False,False,False,False,True,False,False,True,False,False,False,False,False,True,False,0,0,0,0
143,1,1,37.1,84.0,40.0,1.0,1.0,0.0,2,3.0,2.0,2.0,0.0,4.0,75.0,81.0,0.0,0,no,0,0,0,0,0,0,1,0,1,False,False,True,False,False,False,True,False,False,False,True,False,False,False,False,False,True,True,False,False,False,False,False,True,False,1,4,0,0
144,0,1,0.0,80.0,32.0,1.0,1.0,0.0,2,2.0,1.0,0.0,2.0,,50.0,80.0,0.0,1,no,1,0,0,1,0,0,1,0,1,True,False,False,False,False,False,False,False,True,False,False,False,True,False,False,False,True,True,False,False,False,False,False,True,False,0,0,0,0
145,1,1,38.2,48.0,0.0,2.0,1.0,0.0,1,3.0,0.0,2.0,0.0,4.0,42.0,71.0,0.0,1,no,0,0,1,0,0,0,1,0,1,False,False,False,False,False,True,True,False,False,False,False,True,False,False,False,False,True,True,False,False,False,False,False,True,False,3,1,1,1
146,0,1,38.0,44.0,12.0,3.0,2.0,0.0,1,2.0,0.0,6.5,1.0,1.0,33.0,6.5,0.0,1,no,0,0,0,0,0,0,1,0,1,False,False,False,False,False,True,True,False,False,False,True,False,False,False,False,False,True,True,False,False,False,False,False,True,False,2,2,0,9
147,1,1,38.3,132.0,0.0,,1.0,1.0,2,1.0,1.0,6.2,0.0,1.0,57.0,8.0,5.2,1,yes,0,0,1,0,0,0,0,0,1,False,False,True,False,False,False,True,False,False,False,False,True,False,False,False,False,True,True,False,False,False,False,False,True,False,2,1,1,2
148,0,1,38.7,48.0,24.0,,,,0,,0.0,0.0,1.0,,34.0,63.0,0.0,0,no,0,0,0,1,0,0,1,0,1,False,False,False,False,False,False,False,True,False,False,False,False,True,False,False,False,True,True,False,False,False,False,False,True,False,0,0,0,0
149,0,1,38.9,44.0,14.0,1.0,2.0,0.0,2,1.0,,0.0,,2.0,33.0,64.0,0.0,0,no,0,0,0,1,0,0,1,0,1,False,False,False,True,False,False,False,False,True,False,False,False,False,False,False,False,True,True,False,False,False,False,False,True,False,0,0,0,0
150,1,1,39.3,0.0,0.0,0.0,1.0,1.0,3,1.0,0.0,4.0,0.0,1.0,75.0,0.0,4.3,1,yes,0,1,1,0,0,1,0,0,0,False,False,True,False,False,False,True,False,False,False,False,True,False,False,False,True,False,True,False,False,False,False,False,True,False,2,2,0,7
151,1,1,0.0,100.0,0.0,1.0,1.0,1.0,-1,3.0,1.0,2.0,,,68.0,64.0,2.0,1,no,1,0,1,0,0,0,0,1,0,False,False,False,False,True,False,True,False,False,False,False,False,True,False,False,True,False,True,False,False,False,False,False,True,False,2,2,0,9
152,0,1,38.6,48.0,20.0,1.0,2.0,0.0,0,1.0,1.0,0.0,2.0,2.0,50.0,7.3,0.0,0,yes,0,0,0,1,0,0,1,0,0,False,False,False,True,False,False,False,False,True,False,False,False,True,True,False,False,False,True,False,False,False,False,False,True,False,3,1,1,1
153,0,1,38.8,48.0,40.0,2.0,2.0,0.0,1,3.0,1.0,0.0,,4.0,41.0,65.0,0.0,1,no,0,0,0,1,0,0,1,0,1,False,False,False,False,False,True,False,False,True,False,False,False,False,False,False,False,True,True,False,False,False,False,False,True,False,4,1,2,4
154,0,1,38.0,48.0,20.0,1.0,1.0,0.0,0,1.0,1.0,5.0,,2.0,49.0,8.3,0.0,0,yes,0,0,0,0,0,0,1,0,0,False,False,False,False,True,False,True,False,False,False,False,False,False,True,False,False,False,True,False,False,False,False,False,True,False,0,4,0,0
155,0,1,38.6,52.0,20.0,2.0,2.0,0.0,1,1.0,0.0,0.0,1.0,3.0,36.0,6.6,5.0,0,yes,0,0,0,1,0,0,0,0,0,False,False,False,True,False,False,False,False,True,False,False,False,True,True,False,False,False,True,False,False,False,False,False,True,False,0,0,0,0
156,1,1,37.8,60.0,24.0,2.0,,1.0,-1,3.0,1.0,2.0,,4.0,52.0,75.0,0.0,1,no,0,0,0,0,0,0,1,1,1,False,False,False,False,False,True,True,False,False,False,False,True,False,False,False,False,True,True,False,False,False,False,False,True,False,2,2,0,5
157,0,1,38.0,42.0,40.0,1.0,2.0,0.0,1,0.0,,0.0,,,0.0,0.0,0.0,0,no,0,0,0,1,1,1,1,0,1,False,False,False,True,False,False,False,False,True,False,False,False,False,False,False,False,True,True,False,False,False,False,False,True,False,3,1,1,1
158,0,1,0.0,0.0,12.0,2.0,2.0,0.0,2,1.0,2.0,0.0,1.0,3.0,44.0,7.5,0.0,0,yes,1,1,0,1,0,0,1,0,0,True,False,False,False,False,False,False,True,False,False,False,False,True,False,True,False,False,True,False,False,False,False,False,True,False,0,0,0,0
159,1,1,0.0,0.0,0.0,,,,3,,0.0,0.0,,4.0,35.0,58.0,1.0,1,no,1,1,1,1,0,0,0,0,0,False,False,False,False,False,False,False,False,False,False,False,False,True,False,True,False,False,True,False,False,False,False,False,True,False,4,2,0,5
160,1,1,38.3,42.0,24.0,,,0.0,-1,,,0.0,,,40.0,8.5,0.0,1,no,0,0,0,1,0,0,1,1,1,False,False,False,False,False,False,False,False,False,False,False,False,False,False,False,False,True,True,False,False,False,False,False,True,False,7,1,1,3
161,0,1,39.5,60.0,10.0,1.0,,1.0,1,1.0,1.0,0.0,2.0,,38.0,56.0,0.0,0,no,0,0,0,1,0,0,1,0,0,False,False,False,False,False,False,False,False,True,False,False,False,True,True,False,False,False,True,False,False,False,False,False,True,False,0,0,0,0
162,1,1,38.0,66.0,20.0,2.0,1.0,0.0,4,0.0,0.0,0.0,2.0,,46.0,46.0,2.0,1,no,0,0,0,1,0,0,0,0,0,False,False,False,False,False,True,False,False,True,False,False,False,True,False,False,True,False,True,False,False,False,False,False,True,False,6,2,0,9
163,1,1,38.7,76.0,0.0,2.0,2.0,1.0,1,1.0,1.0,0.0,0.0,1.0,50.0,8.0,0.0,1,yes,0,0,1,1,0,0,1,0,1,False,True,False,False,False,False,False,False,True,False,True,False,False,False,False,False,True,True,False,False,False,False,False,True,False,2,2,0,8
164,1,1,39.4,120.0,48.0,,,0.0,-1,2.0,0.0,0.0,0.0,,56.0,64.0,2.0,0,no,0,0,0,1,0,0,0,1,0,False,True,False,False,False,False,False,False,True,False,False,False,False,True,False,False,False,True,False,False,False,False,False,True,False,1,4,0,0
165,1,1,38.3,40.0,18.0,2.0,2.0,0.0,1,0.0,,0.0,3.0,0.0,43.0,5.9,0.0,0,yes,0,0,0,1,0,0,1,0,0,False,False,False,True,False,False,False,True,False,False,False,False,False,True,False,False,False,True,False,False,False,False,False,True,False,0,0,0,0
166,0,1,0.0,44.0,24.0,2.0,2.0,0.0,1,0.0,1.0,0.0,,0.0,0.0,6.3,0.0,0,no,1,0,0,1,1,0,1,0,1,False,False,False,True,False,False,False,False,True,False,False,False,True,False,False,False,True,True,False,False,False,False,False,True,False,3,1,1,1
167,1,1,38.4,104.0,40.0,2.0,2.0,0.0,2,1.0,1.0,6.5,,1.0,55.0,8.5,0.0,1,no,0,0,0,0,0,0,1,0,1,False,False,False,False,False,True,True,False,False,False,False,True,False,False,False,False,True,True,False,False,False,False,False,True,False,2,1,2,4
168,1,1,0.0,65.0,24.0,,,1.0,4,3.0,2.0,0.0,,4.0,0.0,0.0,0.0,1,no,1,0,0,1,1,1,1,0,1,False,False,False,False,False,False,False,False,False,False,False,False,True,False,False,False,True,True,False,False,False,False,False,True,False,3,2,0,5
169,0,1,37.5,44.0,20.0,2.0,2.0,0.0,-1,0.0,,0.0,1.0,,35.0,7.2,0.0,0,no,0,0,0,1,0,0,1,1,1,False,False,False,False,False,True,False,True,False,False,False,False,False,False,False,False,True,True,False,False,False,False,False,True,False,0,0,0,0
170,0,1,39.0,86.0,16.0,1.0,1.0,,1,2.0,,0.0,,,68.0,5.8,6.0,1,yes,0,0,0,1,0,0,0,0,0,False,True,False,False,False,False,False,False,True,False,True,False,False,False,False,True,False,True,False,False,False,False,False,True,False,5,4,0,0
171,1,1,38.5,129.0,48.0,1.0,1.0,0.0,2,2.0,0.0,2.0,,,57.0,66.0,2.0,1,no,0,0,0,0,0,0,0,0,0,False,False,False,False,False,True,True,False,False,False,False,True,False,False,False,True,False,True,False,False,False,False,False,True,False,2,2,0,6
172,1,1,0.0,104.0,0.0,1.0,1.0,1.0,2,2.0,,0.0,0.0,1.0,69.0,8.6,3.4,1,yes,1,0,1,1,0,0,0,0,0,False,True,False,False,False,False,True,False,False,False,False,True,False,False,True,False,False,True,False,False,False,False,False,True,False,2,2,0,7
173,0,1,0.0,0.0,0.0,1.0,0.0,,3,3.0,,0.0,,,0.0,0.0,0.0,1,yes,1,1,1,1,1,1,1,0,1,False,False,True,False,False,False,False,False,False,False,False,False,False,False,False,False,True,True,False,False,False,False,False,True,False,3,4,0,0
174,1,1,0.0,0.0,0.0,,,,-1,,,0.0,,,0.0,0.0,0.0,1,no,1,1,1,1,1,1,1,1,1,False,False,False,False,False,False,False,False,False,False,False,False,False,False,False,False,True,True,False,False,False,False,False,True,False,2,2,0,8
175,1,1,38.2,60.0,30.0,2.0,2.0,0.0,1,0.0,1.0,0.0,2.0,2.0,48.0,66.0,0.0,1,no,0,0,0,1,0,0,1,0,1,False,False,False,False,False,True,False,False,True,False,False,False,True,False,False,False,True,True,False,False,False,False,False,True,False,6,1,1,2
176,1,1,0.0,68.0,14.0,,,0.0,3,,,4.3,,,0.0,0.0,2.8,1,yes,1,0,0,0,1,1,0,0,0,False,False,False,False,True,False,False,False,False,False,False,False,True,False,True,False,False,True,False,False,False,False,False,True,False,4,2,0,5
177,1,1,0.0,60.0,30.0,1.0,1.0,1.0,4,3.0,0.0,0.0,0.0,,45.0,70.0,2.0,1,no,1,0,0,1,0,0,0,0,0,False,False,False,False,True,False,True,False,False,False,False,False,True,False,False,True,False,False,False,True,False,False,False,True,False,6,1,1,1
178,0,1,38.5,100.0,0.0,1.0,1.0,1.0,3,3.0,1.0,0.0,0.0,4.0,0.0,0.0,0.0,0,yes,0,0,1,1,1,1,1,0,1,False,True,False,False,False,False,False,False,True,False,False,False,True,False,False,False,True,True,False,False,False,False,False,True,False,1,1,1,1
179,1,1,38.4,84.0,30.0,1.0,2.0,1.0,3,2.0,1.0,6.5,0.0,1.0,47.0,7.5,0.0,1,no,0,0,0,0,0,0,1,0,0,False,True,False,False,False,False,False,False,True,False,False,True,False,False,False,True,False,True,False,False,False,False,False,True,False,2,3,0,0
180,0,1,37.8,48.0,14.0,,,0.0,1,1.0,0.0,5.3,1.0,,35.0,7.5,0.0,0,yes,0,0,0,0,0,0,1,0,1,False,False,False,True,False,False,False,False,False,False,False,True,False,False,False,False,True,True,False,False,False,False,False,True,False,3,1,1,1
181,1,1,38.0,0.0,24.0,1.0,1.0,1.0,4,3.0,0.0,0.0,,,68.0,7.8,0.0,1,no,0,1,0,1,0,0,1,0,1,False,False,True,False,False,False,False,False,False,False,False,False,True,False,False,False,True,True,False,False,False,False,False,True,False,2,2,0,5
182,0,1,37.8,56.0,16.0,2.0,2.0,0.0,2,0.0,1.0,0.0,1.0,,44.0,68.0,1.0,0,no,0,0,0,1,0,0,0,0,0,True,False,False,False,False,False,False,True,False,False,False,False,True,True,False,False,False,True,False,False,False,False,False,True,False,0,0,0,0
183,0,1,38.2,68.0,32.0,3.0,3.0,0.0,0,0.0,2.0,0.0,1.0,0.0,43.0,65.0,0.0,0,no,0,0,0,1,0,0,1,0,1,True,False,False,False,False,False,False,True,False,False,False,False,True,False,False,False,True,True,False,False,False,False,False,True,False,0,0,0,0
184,1,1,38.5,120.0,60.0,0.0,1.0,1.0,-1,,,0.0,,,54.0,0.0,0.0,1,no,0,0,0,1,0,1,1,1,1,False,False,True,False,False,False,False,False,True,False,False,False,False,False,False,False,True,True,False,False,False,False,False,True,False,5,4,0,0
185,1,1,39.3,64.0,90.0,3.0,1.0,0.0,-1,0.0,0.0,0.0,,,39.0,6.7,0.0,1,no,0,0,0,1,0,0,1,1,1,False,False,False,True,False,False,False,False,True,False,True,False,False,False,False,False,True,True,False,False,False,False,False,True,False,21,1,1,0
186,1,1,38.4,80.0,30.0,0.0,1.0,0.0,1,2.0,2.0,0.0,0.0,4.0,32.0,6.1,4.3,1,yes,0,0,0,1,0,0,0,0,0,False,False,False,True,False,False,False,False,True,False,False,True,False,False,False,True,False,True,False,False,False,False,False,True,False,7,2,0,9
187,1,1,38.5,60.0,0.0,2.0,2.0,0.0,-1,0.0,,0.0,,,33.0,53.0,0.0,1,no,0,0,1,1,0,0,1,1,0,False,False,False,False,False,False,False,True,False,False,False,False,False,True,False,False,False,True,False,False,False,False,False,True,False,4,1,1,1
188,1,1,38.3,60.0,16.0,1.0,2.0,0.0,2,0.0,1.0,3.0,1.0,1.0,30.0,6.0,3.0,1,no,0,0,0,0,0,0,0,0,0,False,False,False,True,False,False,False,True,False,False,True,False,False,True,False,False,False,True,False,False,False,False,False,True,False,31,1,1,0
189,1,1,37.1,40.0,8.0,,2.0,0.0,1,0.0,0.0,0.0,2.0,3.0,23.0,6.7,0.0,1,yes,0,0,0,1,0,0,1,0,0,False,False,False,False,True,False,False,False,True,False,False,False,True,False,False,True,False,True,False,False,False,False,False,True,False,3,1,3,3
190,0,0,0.0,100.0,44.0,3.0,2.0,0.0,3,0.0,,0.0,1.0,,37.0,4.7,0.0,0,no,1,0,0,1,0,0,1,0,1,False,False,False,True,False,False,False,True,False,False,False,False,False,False,False,False,True,True,False,False,False,False,False,True,False,7,1,1,1
191,1,1,38.2,48.0,18.0,2.0,2.0,0.0,1,2.0,0.0,0.0,0.0,,48.0,74.0,2.0,1,no,0,0,0,1,0,0,0,0,0,False,False,False,True,False,False,False,False,True,False,True,False,False,True,False,False,False,True,False,False,False,False,False,True,False,5,1,1,1
192,1,1,0.0,60.0,48.0,1.0,1.0,1.0,3,3.0,,0.0,,,58.0,7.6,0.0,1,no,1,0,0,1,0,0,1,0,1,False,False,False,False,True,False,False,False,True,False,False,False,False,False,False,False,True,True,False,False,False,False,False,True,False,3,2,0,5
193,0,1,37.9,88.0,24.0,2.0,2.0,0.0,2,0.0,,0.0,0.0,0.0,37.0,56.0,0.0,0,no,0,0,0,1,0,0,1,0,1,True,False,False,False,False,False,False,False,False,True,False,False,False,False,False,False,True,True,False,False,False,False,False,True,False,0,0,0,0
194,0,1,38.0,44.0,12.0,1.0,2.0,,-1,1.0,,0.0,1.0,,42.0,64.0,0.0,0,no,0,0,0,1,0,0,1,1,1,False,False,False,True,False,False,False,True,False,False,False,False,False,False,False,False,True,True,False,False,False,False,False,True,False,0,0,0,0
195,0,1,38.5,60.0,20.0,2.0,2.0,1.0,2,0.0,1.0,0.0,3.0,3.0,63.0,7.5,2.3,0,yes,0,0,0,1,0,0,0,0,0,False,True,False,False,False,False,False,False,False,True,False,False,True,False,True,False,False,True,False,False,False,False,False,True,False,0,3,0,0
196,0,1,38.5,96.0,36.0,1.0,1.0,1.0,2,1.0,0.0,0.0,0.0,4.0,70.0,8.5,0.0,1,yes,0,0,0,1,0,0,1,0,1,False,False,False,False,False,False,True,False,False,False,True,False,False,False,False,False,True,True,False,False,False,False,False,True,False,1,4,0,0
197,0,1,38.3,60.0,20.0,2.0,2.0,1.0,0,0.0,,0.0,2.0,,34.0,66.0,0.0,0,no,0,0,0,1,0,0,1,0,1,False,False,False,True,False,False,False,False,True,False,False,False,False,False,False,False,True,True,False,False,False,False,False,True,False,0,0,0,0
198,0,1,38.5,60.0,40.0,1.0,2.0,0.0,2,1.0,,0.0,2.0,2.0,49.0,59.0,0.0,0,no,0,0,0,1,0,0,1,0,1,True,False,False,False,False,False,False,True,False,False,False,False,False,False,False,False,True,True,False,False,False,False,False,True,False,0,0,0,0
199,1,1,37.3,48.0,12.0,2.0,,0.0,1,2.0,1.0,0.0,2.0,3.0,40.0,6.6,0.0,1,yes,0,0,0,1,0,0,1,0,0,False,False,False,False,False,True,False,True,False,False,False,False,True,False,True,False,False,True,False,False,False,False,False,True,False,3,2,0,5
200,1,1,38.5,86.0,0.0,2.0,2.0,0.0,3,2.0,1.0,0.0,2.0,4.0,45.0,7.4,3.4,1,yes,0,0,1,1,0,0,0,0,0,False,False,False,False,False,True,True,False,False,False,False,False,True,True,False,False,False,True,False,False,False,False,False,True,False,3,2,0,9
201,1,1,37.5,48.0,40.0,,,,-1,,0.0,0.0,,4.0,41.0,55.0,2.0,1,no,0,0,0,1,0,0,0,1,0,False,False,False,False,False,False,False,False,False,False,False,False,True,False,False,True,False,True,False,False,False,False,False,True,False,2,2,0,8
202,0,1,37.2,36.0,9.0,2.0,2.0,0.0,2,0.0,1.0,0.0,0.0,0.0,35.0,5.7,0.0,0,no,0,0,0,1,0,0,1,0,1,False,False,False,True,False,False,False,False,True,False,False,False,True,False,False,False,True,True,False,False,False,False,False,True,False,31,1,1,0
203,1,1,39.2,0.0,23.0,1.0,2.0,0.0,3,1.0,1.0,0.0,,,36.0,6.6,3.0,1,yes,0,1,0,1,0,0,0,0,0,False,False,False,False,False,True,True,False,False,False,False,False,False,True,False,False,False,True,False,False,False,False,False,True,False,3,1,1,5
204,0,1,38.5,100.0,0.0,1.0,1.0,1.0,3,3.0,1.0,0.0,0.0,4.0,0.0,0.0,0.0,0,no,0,0,1,1,1,1,1,0,1,False,True,False,False,False,False,False,False,True,False,False,False,True,False,False,False,True,True,False,False,False,False,False,True,False,4,1,2,4
205,1,1,38.5,96.0,30.0,3.0,1.0,1.0,3,2.0,1.0,0.0,2.0,4.0,50.0,65.0,0.0,1,no,0,0,0,1,0,0,1,0,1,False,False,False,False,True,False,True,False,False,False,False,False,True,False,False,False,True,False,False,False,True,False,False,True,False,6,1,1,1
206,1,1,0.0,0.0,0.0,,,,-1,,,0.0,,,45.0,8.7,0.0,1,no,1,1,1,1,0,0,1,1,1,False,False,False,False,False,False,False,False,False,False,False,False,False,False,False,False,True,True,False,False,False,False,False,True,False,2,2,0,8
207,1,1,37.8,88.0,80.0,1.0,1.0,1.0,-1,2.0,1.0,0.0,0.0,4.0,64.0,89.0,0.0,1,no,0,0,0,1,0,0,1,1,1,False,True,False,False,False,False,False,False,True,False,False,True,False,False,False,False,True,True,False,False,False,False,False,True,False,3,2,0,5
208,0,1,37.5,44.0,10.0,1.0,2.0,0.0,1,1.0,1.0,0.0,2.0,3.0,43.0,51.0,1.0,0,no,0,0,0,1,0,0,0,0,0,False,False,False,True,False,False,False,True,False,False,False,False,False,True,False,False,False,True,False,False,False,False,False,True,False,0,0,0,0
209,1,1,37.9,68.0,20.0,,2.0,0.0,2,1.0,,0.0,1.0,4.0,45.0,4.0,2.8,1,yes,0,0,0,1,0,0,0,0,0,True,False,False,False,False,False,True,False,False,False,False,False,False,False,False,True,False,True,False,False,False,False,False,True,False,5,4,0,0
210,1,1,38.0,86.0,24.0,0.0,1.0,0.0,2,3.0,0.0,0.0,0.0,4.0,45.0,5.5,10.1,1,yes,0,0,0,1,0,0,0,0,0,False,False,False,False,True,False,True,False,False,False,False,False,True,True,False,False,False,True,False,False,False,False,False,True,False,3,1,1,1
211,1,0,38.9,120.0,30.0,2.0,1.0,1.0,1,2.0,2.0,3.0,,,47.0,6.3,0.0,0,no,0,0,0,0,0,0,1,0,0,True,False,False,False,False,False,False,False,True,False,False,False,True,True,False,False,False,True,False,False,False,False,False,True,False,2,1,2,4
212,1,1,37.6,45.0,12.0,1.0,2.0,0.0,-1,1.0,1.0,0.0,1.0,1.0,39.0,7.0,1.5,1,yes,0,0,0,1,0,0,0,1,0,False,False,False,False,False,True,False,False,False,True,False,False,True,False,True,False,False,True,False,False,False,False,False,True,False,2,1,1,2
213,0,1,38.6,56.0,32.0,3.0,2.0,0.0,0,0.0,1.0,0.0,3.0,,40.0,7.0,2.1,0,yes,0,0,0,1,0,0,0,0,0,False,False,False,True,False,False,False,True,False,False,False,False,False,False,True,False,False,True,False,False,False,False,False,True,False,0,0,0,0
214,1,1,37.8,40.0,12.0,2.0,2.0,0.0,0,0.0,1.0,0.0,1.0,2.0,38.0,7.0,0.0,1,no,0,0,0,1,0,0,1,0,1,False,False,False,True,False,False,False,False,False,True,False,False,True,False,False,False,True,True,False,False,False,False,False,True,False,3,1,1,1
215,0,1,0.0,0.0,0.0,,,,-1,,,0.0,,,0.0,0.0,0.0,0,no,1,1,1,1,1,1,1,1,1,False,False,False,False,False,False,False,False,False,False,False,False,False,False,False,False,True,True,False,False,False,False,False,True,False,0,0,0,0
216,1,1,38.0,76.0,18.0,,,1.0,-1,,,0.0,,,71.0,11.0,0.0,1,yes,0,0,0,1,0,0,1,1,1,False,False,False,False,False,False,False,False,False,False,False,False,False,False,False,False,True,True,False,False,False,False,False,True,False,2,2,0,9
217,1,1,38.1,40.0,36.0,2.0,3.0,0.0,2,,,0.0,,,0.0,0.0,0.0,1,no,0,0,0,1,1,1,1,0,1,True,False,False,False,False,False,False,False,False,True,False,False,False,False,False,False,True,True,False,False,False,False,False,True,False,3,1,1,2
218,1,1,0.0,52.0,28.0,1.0,1.0,0.0,1,2.0,1.0,0.0,0.0,1.0,37.0,8.1,0.0,1,no,1,0,0,1,0,0,1,0,1,False,False,False,False,True,False,True,False,False,False,False,False,True,False,False,False,True,True,False,False,False,False,False,True,False,2,1,1,1
219,1,1,39.2,88.0,58.0,0.0,0.0,1.0,4,,,0.0,,,0.0,0.0,2.0,0,no,0,0,0,1,1,1,0,0,0,False,False,False,False,False,False,True,False,False,False,False,False,False,False,True,False,False,True,False,False,False,False,False,True,False,3,2,0,5
220,1,1,38.5,92.0,40.0,0.0,1.0,0.0,2,2.0,,0.0,0.0,,46.0,67.0,2.0,1,no,0,0,0,1,0,0,0,0,0,False,False,False,False,False,False,True,False,False,False,False,False,False,False,True,False,False,True,False,False,False,False,False,True,False,2,2,0,8
221,1,1,0.0,112.0,13.0,0.0,0.0,0.0,2,0.0,1.0,4.5,0.0,1.0,60.0,6.3,0.0,1,yes,1,0,0,0,0,0,1,0,0,False,False,False,False,True,False,False,False,True,False,False,False,True,False,False,True,False,True,False,False,False,False,False,True,False,2,2,0,5
222,1,1,37.7,66.0,12.0,2.0,2.0,0.0,1,1.0,1.0,0.0,0.0,1.0,31.5,6.2,1.6,1,yes,0,0,0,1,0,0,0,0,0,False,False,False,False,False,True,False,False,True,False,False,False,False,False,True,False,False,True,False,False,False,False,False,True,False,2,2,0,8
223,1,1,38.8,50.0,14.0,2.0,2.0,0.0,1,0.0,0.0,0.0,2.0,4.0,38.0,58.0,0.0,1,no,0,0,0,1,0,0,1,0,1,False,False,False,True,False,False,False,True,False,False,False,False,True,False,False,False,True,True,False,False,False,False,False,True,False,3,1,1,1
224,0,1,38.4,54.0,24.0,2.0,2.0,0.0,0,0.0,1.0,0.0,2.0,2.0,49.0,7.2,8.0,0,yes,0,0,0,1,0,0,0,0,0,False,False,False,True,False,False,False,False,True,False,False,False,True,True,False,False,False,True,False,False,False,False,False,True,False,3,1,1,1
225,1,1,39.2,120.0,20.0,0.0,1.0,1.0,2,2.0,0.0,0.0,,1.0,60.0,8.8,0.0,1,no,0,0,0,1,0,0,1,0,0,False,True,False,False,False,False,False,False,True,False,False,True,False,False,False,True,False,True,False,False,False,False,False,True,False,2,2,0,5
226,1,0,0.0,0.0,0.0,,,,-1,,,0.0,,,45.0,6.5,0.0,1,yes,1,1,1,1,0,0,1,1,0,False,False,False,False,False,False,False,False,False,False,False,False,False,False,True,False,False,True,False,False,False,False,False,True,False,9,0,0,0
227,1,1,37.3,90.0,40.0,1.0,,1.0,4,2.0,1.0,0.0,1.0,4.0,65.0,50.0,2.0,1,no,0,0,0,1,0,0,0,0,0,False,False,True,False,False,False,True,False,False,False,True,False,False,False,False,True,False,True,False,False,False,False,False,True,False,3,2,0,5
228,1,0,38.5,120.0,70.0,,,,-1,,1.0,0.0,1.0,,35.0,54.0,1.0,1,no,0,0,0,1,0,0,0,1,0,False,False,False,False,False,False,False,True,False,False,False,False,False,True,False,False,False,False,False,True,False,False,False,False,True,4,2,0,5
229,1,1,38.5,104.0,40.0,1.0,1.0,0.0,3,3.0,,0.0,,,0.0,0.0,0.0,1,no,0,0,0,1,1,1,1,0,1,False,False,False,False,False,False,False,False,True,False,False,False,False,False,False,False,True,True,False,False,False,False,False,True,False,2,1,2,4
230,0,1,39.5,92.0,28.0,1.0,1.0,0.0,4,0.0,,0.0,0.0,,72.0,6.4,3.6,0,no,0,0,0,1,0,0,0,0,1,False,False,True,False,False,False,True,False,False,False,False,True,False,False,False,False,True,True,False,False,False,False,False,True,False,3,3,0,0
231,1,1,38.5,30.0,18.0,,,,-1,,,0.0,,,40.0,7.7,0.0,1,no,0,0,0,1,0,0,1,1,1,False,False,False,False,False,False,False,False,False,False,False,False,False,False,False,False,True,True,False,False,False,False,False,True,False,2,1,1,3
232,1,1,38.3,72.0,30.0,0.0,1.0,1.0,1,2.0,1.0,0.0,2.0,4.0,43.0,7.0,3.9,1,yes,0,0,0,1,0,0,0,0,0,False,False,False,False,False,True,False,False,True,False,False,False,True,False,True,False,False,True,False,False,False,False,False,True,False,3,1,1,3
233,0,1,37.5,48.0,30.0,0.0,2.0,0.0,-1,0.0,0.0,0.0,1.0,0.0,48.0,8.6,0.0,0,no,0,0,0,1,0,0,1,1,1,False,False,False,False,False,True,False,False,False,True,False,False,True,False,False,False,True,True,False,False,False,False,False,True,False,0,4,0,0
234,1,1,38.1,52.0,24.0,2.0,2.0,0.0,3,0.0,1.0,7.0,1.0,,54.0,7.5,2.6,1,yes,0,0,0,0,0,0,0,0,0,False,True,False,False,False,False,False,False,True,False,False,True,False,False,True,False,False,True,False,False,False,False,False,True,False,2,2,0,6
235,0,1,38.2,42.0,26.0,2.0,2.0,0.0,1,1.0,,0.0,1.0,,36.0,6.9,0.0,0,no,0,0,0,1,0,0,1,0,1,False,False,False,True,False,False,False,True,False,False,False,False,False,False,False,False,True,True,False,False,False,False,False,True,False,3,1,1,1
236,0,1,37.9,54.0,42.0,3.0,2.0,0.0,1,0.0,,0.0,,2.0,47.0,54.0,1.0,0,no,0,0,0,1,0,0,0,0,0,False,True,False,False,False,False,False,True,False,False,False,False,True,False,False,True,False,True,False,False,False,False,False,True,False,0,0,0,0
237,0,1,36.1,88.0,0.0,1.0,1.0,0.0,1,1.0,1.0,0.0,,1.0,45.0,7.0,4.8,1,yes,0,0,1,1,0,0,0,0,0,False,False,False,False,False,True,False,False,True,False,False,True,False,False,False,True,False,True,False,False,False,False,False,True,False,2,2,0,9
238,1,1,38.1,70.0,22.0,,2.0,0.0,4,,,0.0,,4.0,36.0,65.0,0.0,1,no,0,0,0,1,0,0,1,0,1,False,False,False,False,False,False,False,False,True,False,False,False,False,False,False,False,True,True,False,False,False,False,False,True,False,3,2,0,5
239,1,1,38.0,90.0,30.0,0.0,1.0,1.0,4,3.0,,0.0,0.0,4.0,55.0,6.1,0.0,1,no,0,0,0,1,0,0,1,0,1,False,False,False,False,True,False,True,False,False,False,False,False,False,False,False,False,True,True,False,False,False,False,False,True,False,3,2,0,5
240,1,1,38.2,52.0,16.0,2.0,2.0,0.0,0,0.0,0.0,0.0,1.0,,43.0,8.1,0.0,0,yes,0,0,0,1,0,0,1,0,1,True,False,False,False,False,False,False,False,False,True,False,False,True,False,False,False,True,True,False,False,False,False,False,True,False,0,0,0,0
241,1,1,0.0,36.0,32.0,2.0,2.0,0.0,4,2.0,1.0,4.0,,1.0,41.0,5.9,0.0,1,no,1,0,0,0,0,0,1,0,1,False,False,False,False,True,False,False,False,True,False,False,True,False,False,False,False,True,True,False,False,False,False,False,True,False,2,2,0,5
242,1,1,38.4,92.0,20.0,2.0,,1.0,-1,2.0,,0.0,1.0,,0.0,0.0,0.0,1,yes,0,0,0,1,1,1,1,1,1,False,False,False,False,False,False,False,False,True,False,False,False,False,False,False,False,True,True,False,False,False,False,False,True,False,2,2,0,8
243,1,0,38.2,124.0,88.0,2.0,1.0,0.0,2,3.0,,0.0,,,47.0,8.0,0.0,1,yes,0,0,0,1,0,0,1,0,0,True,False,False,False,False,False,False,False,True,False,False,False,False,True,False,False,False,True,False,False,False,False,False,True,False,9,4,0,0
244,0,1,0.0,96.0,0.0,1.0,1.0,1.0,4,3.0,,0.0,0.0,4.0,60.0,0.0,0.0,1,no,1,0,1,1,0,1,1,0,1,False,False,False,False,False,True,True,False,False,False,False,False,True,False,False,False,True,True,False,False,False,False,False,True,False,41,1,1,0
245,1,1,37.6,68.0,32.0,1.0,,0.0,3,3.0,1.0,6.5,1.0,4.0,47.0,7.2,0.0,1,no,0,0,0,0,0,0,1,0,0,False,False,False,False,False,True,False,False,False,True,True,False,False,True,False,False,False,True,False,False,False,False,False,True,False,3,2,0,9
246,1,1,38.1,88.0,24.0,1.0,1.0,0.0,4,2.0,1.0,0.0,2.0,1.0,41.0,4.6,0.0,1,no,0,0,0,1,0,0,1,0,1,False,False,False,False,True,False,True,False,False,False,False,False,True,False,False,False,True,True,False,False,False,False,False,True,False,2,2,0,9
247,1,1,38.0,108.0,60.0,3.0,1.0,0.0,3,2.0,1.0,0.0,2.0,1.0,0.0,0.0,0.0,1,no,0,0,0,1,1,1,1,0,0,False,False,False,False,True,False,False,False,True,False,False,False,False,False,False,True,False,True,False,False,False,False,False,True,False,2,2,0,5
248,0,1,38.2,48.0,0.0,3.0,,1.0,1,0.0,1.0,0.0,,2.0,34.0,6.6,0.0,0,no,0,0,1,1,0,0,1,0,1,False,False,False,True,False,False,False,False,True,False,False,False,True,False,False,False,True,True,False,False,False,False,False,True,False,3,1,1,1
249,1,1,39.3,100.0,51.0,0.0,0.0,0.0,2,0.0,0.0,2.0,,1.0,66.0,13.0,2.0,1,no,0,0,0,0,0,0,0,0,0,False,False,True,False,False,False,True,False,False,False,False,True,False,False,False,True,False,True,False,False,False,False,False,True,False,2,1,1,3
250,0,1,36.6,42.0,18.0,1.0,1.0,0.0,0,0.0,0.0,0.0,,4.0,52.0,7.1,0.0,1,no,0,0,0,1,0,0,1,0,1,True,False,False,False,False,False,True,False,False,False,False,False,True,False,False,False,True,True,False,False,False,False,False,True,False,5,1,1,1
251,1,0,38.8,124.0,36.0,1.0,2.0,0.0,2,3.0,0.0,0.0,0.0,1.0,50.0,7.6,0.0,1,yes,0,0,0,1,0,0,1,0,0,True,False,False,False,False,False,False,False,True,False,False,False,True,False,False,True,False,True,False,False,False,False,False,True,False,2,2,0,8
252,0,1,0.0,112.0,24.0,1.0,1.0,1.0,4,1.0,,0.0,0.0,,40.0,5.3,2.6,0,yes,1,0,0,1,0,0,0,0,0,False,False,False,False,True,False,True,False,False,False,False,False,False,False,False,True,False,True,False,False,False,False,False,True,False,0,4,0,0
253,1,1,0.0,80.0,0.0,1.0,1.0,0.0,3,3.0,,0.0,0.0,4.0,43.0,70.0,0.0,1,no,1,0,1,1,0,0,1,0,1,False,False,False,False,False,True,True,False,False,False,False,False,False,False,False,False,True,True,False,False,False,False,False,True,False,3,1,1,1
254,1,0,38.8,184.0,84.0,2.0,,0.0,3,2.0,,0.0,3.0,,33.0,3.3,0.0,1,no,0,0,0,1,0,0,1,0,1,False,False,False,True,False,False,False,True,False,False,False,False,False,False,False,False,True,True,False,False,False,False,False,True,False,7,1,1,1
255,1,1,37.5,72.0,0.0,3.0,2.0,0.0,2,0.0,0.0,0.0,1.0,,35.0,65.0,2.0,1,no,0,0,1,1,0,0,0,0,0,False,False,False,True,False,False,False,True,False,False,False,False,True,False,True,False,False,True,False,False,False,False,False,True,False,7,2,0,9
256,1,1,38.7,96.0,28.0,1.0,1.0,0.0,-1,,,7.5,,,64.0,9.0,0.0,1,yes,0,0,0,0,0,0,1,1,1,False,False,False,False,True,False,True,False,False,False,False,True,False,False,False,False,True,True,False,False,False,False,False,True,False,2,2,0,5
257,0,1,37.5,52.0,12.0,2.0,2.0,0.0,2,1.0,1.0,0.0,2.0,4.0,36.0,61.0,1.0,0,no,0,0,0,1,0,0,0,0,0,False,False,False,True,False,False,False,False,True,False,False,False,True,True,False,False,False,True,False,False,False,False,False,True,False,0,0,0,0
258,1,1,40.8,72.0,42.0,1.0,1.0,0.0,2,0.0,1.0,0.0,,,54.0,7.4,0.0,1,yes,0,0,0,1,0,0,1,0,0,False,False,False,True,False,False,False,False,True,False,False,False,True,False,False,True,False,True,False,False,False,False,False,True,False,11,4,0,0
259,0,1,38.0,40.0,25.0,,2.0,0.0,3,1.0,0.0,0.0,0.0,,37.0,69.0,0.0,0,no,0,0,0,1,0,0,1,0,1,False,False,False,True,False,False,False,False,True,False,False,False,True,False,False,False,True,True,False,False,False,False,False,True,False,0,0,0,0
260,0,1,38.4,48.0,16.0,3.0,2.0,0.0,0,1.0,1.0,0.0,,2.0,39.0,6.5,0.0,0,yes,0,0,0,1,0,0,1,0,1,False,False,False,True,False,False,False,False,False,False,False,False,True,False,False,False,True,True,False,False,False,False,False,True,False,3,1,1,1
261,0,0,38.6,88.0,28.0,,,,-1,,,0.0,,,35.0,5.9,0.0,0,no,0,0,0,1,0,0,1,1,1,False,False,False,False,False,False,False,False,False,False,False,False,False,False,False,False,True,True,False,False,False,False,False,True,False,0,0,0,0
262,1,1,37.1,75.0,36.0,,,1.0,3,1.0,1.0,5.0,0.0,1.0,48.0,7.4,3.2,1,yes,0,0,0,0,0,0,0,0,0,False,False,False,False,False,True,True,False,False,False,False,True,False,False,False,True,False,True,False,False,False,False,False,True,False,12,2,0,8
263,1,1,38.3,44.0,21.0,1.0,2.0,0.0,1,2.0,1.0,0.0,1.0,4.0,44.0,6.5,4.4,1,yes,0,0,0,1,0,0,0,0,0,True,False,False,False,False,False,False,False,True,False,False,False,True,False,True,False,False,True,False,False,False,False,False,True,False,2,2,0,9
264,0,1,0.0,56.0,68.0,1.0,2.0,0.0,1,0.0,1.0,0.0,1.0,,40.0,6.0,0.0,1,no,1,0,0,1,0,0,1,0,1,False,False,False,True,False,False,False,False,True,False,False,False,True,False,False,False,True,True,False,False,False,False,False,True,False,5,2,0,6
265,0,1,38.6,68.0,20.0,3.0,2.0,0.0,1,1.0,0.0,0.0,1.0,4.0,38.0,6.5,0.0,0,yes,0,0,0,1,0,0,1,0,0,False,False,False,False,False,True,False,False,True,False,False,False,True,True,False,False,False,True,False,False,False,False,False,True,False,5,1,2,4
266,0,1,38.3,54.0,18.0,1.0,2.0,0.0,2,1.0,,5.4,,1.0,44.0,7.2,0.0,0,yes,0,0,0,0,0,0,1,0,0,True,False,False,False,False,False,False,False,True,False,False,True,False,False,False,True,False,True,False,False,False,False,False,True,False,2,1,2,4
267,1,1,38.2,42.0,20.0,,,0.0,-1,,,0.0,2.0,,47.0,60.0,0.0,0,no,0,0,0,1,0,0,1,1,1,False,False,False,True,False,False,False,False,True,False,False,False,False,False,False,False,True,True,False,False,False,False,False,True,False,0,0,0,0
268,1,1,39.3,64.0,90.0,3.0,1.0,0.0,-1,0.0,0.0,6.5,1.0,4.0,39.0,6.7,0.0,1,no,0,0,0,0,0,0,1,1,1,False,False,False,True,False,False,False,False,True,False,True,False,False,False,False,False,True,True,False,False,False,False,False,True,False,31,1,1,0
269,1,1,37.5,60.0,50.0,1.0,1.0,0.0,1,1.0,1.0,3.5,2.0,1.0,35.0,6.5,0.0,1,no,0,0,0,0,0,0,1,0,1,False,False,False,True,False,False,False,False,True,False,True,False,False,False,False,False,True,True,False,False,False,False,False,True,False,2,2,0,9
270,1,1,37.7,80.0,0.0,1.0,1.0,0.0,4,0.0,1.0,0.0,2.0,0.0,50.0,55.0,2.0,1,no,0,0,1,1,0,0,0,0,0,False,False,True,False,False,False,True,False,False,False,False,True,False,False,False,True,False,True,False,False,False,False,False,True,False,4,2,0,6
271,1,1,0.0,100.0,30.0,1.0,1.0,1.0,4,3.0,2.0,0.0,0.0,1.0,52.0,6.6,0.0,1,no,1,0,0,1,0,0,1,0,1,False,False,False,False,True,False,True,False,False,False,False,True,False,False,False,False,True,True,False,False,False,False,False,True,False,2,1,2,4
272,1,1,37.7,120.0,28.0,1.0,1.0,0.0,4,2.0,0.0,0.0,,,65.0,7.0,0.0,1,yes,0,0,0,1,0,0,1,0,0,False,False,False,False,False,True,False,False,True,False,False,False,True,False,False,True,False,True,False,False,False,False,False,True,False,4,2,0,5
273,1,1,0.0,76.0,0.0,,1.0,,-1,3.0,,0.0,,4.0,0.0,0.0,0.0,1,no,1,0,1,1,1,1,1,1,1,False,False,False,False,False,False,True,False,False,False,False,False,False,False,False,False,True,True,False,False,False,False,False,True,False,11,1,2,4
274,1,0,38.8,150.0,50.0,2.0,1.0,1.0,4,1.0,0.0,0.0,,,50.0,6.2,0.0,1,no,0,0,0,1,0,0,1,0,1,False,False,True,False,False,False,False,False,True,False,False,False,True,False,False,False,True,True,False,False,False,False,False,True,False,4,2,0,7
275,1,1,38.0,36.0,16.0,1.0,2.0,0.0,3,1.0,2.0,2.0,2.0,,37.0,75.0,1.0,0,no,0,0,0,0,0,0,0,0,0,False,False,False,True,False,False,False,False,False,True,False,True,False,False,True,False,False,True,False,False,False,False,False,True,False,3,1,1,1
276,0,1,36.9,50.0,40.0,3.0,1.0,0.0,0,1.0,2.0,7.0,,,37.5,6.5,0.0,0,no,0,0,0,0,0,0,1,0,1,False,False,False,False,False,True,False,False,True,False,False,False,True,False,False,False,True,True,False,False,False,False,False,True,False,3,1,1,1
277,0,1,37.8,40.0,16.0,2.0,2.0,0.0,0,0.0,,0.0,1.0,0.0,37.0,6.8,0.0,0,no,0,0,0,1,0,0,1,0,1,False,False,False,True,False,False,False,True,False,False,False,False,False,False,False,False,True,True,False,False,False,False,False,True,False,0,0,0,0
278,0,1,38.2,56.0,40.0,0.0,1.0,0.0,2,2.0,1.0,7.5,,,47.0,7.2,2.5,0,yes,0,0,0,0,0,0,0,0,0,False,False,False,True,False,False,True,False,False,False,True,False,False,True,False,False,False,True,False,False,False,False,False,True,False,8,3,0,0
279,1,1,38.6,48.0,12.0,,,,0,,,0.0,,,36.0,67.0,0.0,0,no,0,0,0,1,0,0,1,0,1,False,False,False,True,False,False,False,True,False,False,False,False,False,False,False,False,True,True,False,False,False,False,False,True,False,0,0,0,0
280,0,1,40.0,78.0,0.0,1.0,1.0,0.0,2,0.0,0.0,0.0,0.0,0.0,66.0,6.5,0.0,1,yes,0,0,1,1,0,0,1,0,1,False,True,False,False,False,False,False,False,True,False,False,False,True,False,False,False,True,True,False,False,False,False,False,True,False,8,4,0,0
281,1,1,0.0,70.0,16.0,1.0,0.0,1.0,2,1.0,1.0,0.0,0.0,4.0,60.0,7.5,0.0,1,no,1,0,0,1,0,0,1,0,1,False,True,False,False,False,False,False,False,True,False,False,False,True,False,False,False,True,True,False,False,False,False,False,True,False,1,4,0,0
282,1,1,38.2,72.0,18.0,,,,-1,,,0.0,,,35.0,6.4,0.0,1,no,0,0,0,1,0,0,1,1,1,False,False,False,False,False,False,False,False,False,False,False,False,False,False,False,False,True,True,False,False,False,False,False,True,False,3,1,2,4
283,0,1,38.5,54.0,0.0,2.0,2.0,0.0,1,0.0,1.0,0.0,1.0,,40.0,6.8,7.0,0,yes,0,0,1,1,0,0,0,0,0,False,False,False,True,False,False,False,True,False,False,False,False,True,False,True,False,False,True,False,False,False,False,False,True,False,0,0,0,0
284,1,1,38.5,66.0,24.0,2.0,2.0,0.0,1,0.0,1.0,0.0,0.0,4.0,40.0,6.7,0.0,1,yes,0,0,0,1,0,0,1,0,0,False,False,False,True,False,False,False,False,True,False,False,False,True,True,False,False,False,True,False,False,False,False,False,True,False,31,1,1,0
285,0,1,37.8,82.0,12.0,1.0,2.0,1.0,3,2.0,0.0,0.0,,,50.0,7.0,0.0,1,no,0,0,0,1,0,0,1,0,1,False,False,False,True,False,False,False,False,False,False,False,True,False,False,False,False,True,True,False,False,False,False,False,True,False,2,2,0,5
286,0,0,39.5,84.0,30.0,,,0.0,-1,,,0.0,,,28.0,5.0,0.0,0,no,0,0,0,1,0,0,1,1,1,False,False,False,False,False,False,False,False,False,False,False,False,False,False,False,False,True,True,False,False,False,False,False,True,False,0,0,0,0
287,1,1,0.0,0.0,0.0,,,,-1,,,0.0,,,0.0,0.0,0.0,1,no,1,1,1,1,1,1,1,1,1,False,False,False,False,False,False,False,False,False,False,False,False,False,False,False,False,True,True,False,False,False,False,False,True,False,2,1,2,4
288,1,1,38.0,50.0,36.0,,2.0,0.0,1,1.0,,0.0,2.0,,39.0,6.6,5.3,1,yes,0,0,0,1,0,0,0,0,0,False,False,False,True,False,False,False,False,False,True,False,False,False,True,False,False,False,True,False,False,False,False,False,True,False,8,4,0,0
289,0,1,38.6,45.0,16.0,3.0,2.0,0.0,0,,,0.0,1.0,0.0,43.0,58.0,0.0,0,no,0,0,0,1,0,0,1,0,1,True,False,False,False,False,False,False,True,False,False,False,False,False,False,False,False,True,True,False,False,False,False,False,True,False,0,0,0,0
290,1,1,38.9,80.0,44.0,1.0,1.0,0.0,2,2.0,1.0,7.0,2.0,0.0,54.0,6.5,0.0,1,no,0,0,0,0,0,0,1,0,0,False,False,False,False,False,True,False,False,True,False,True,False,False,False,False,True,False,True,False,False,False,False,False,True,False,7,1,1,1
291,1,1,37.0,66.0,20.0,2.0,1.0,0.0,3,2.0,0.0,0.0,1.0,4.0,35.0,6.9,0.0,1,no,0,0,0,1,0,0,1,0,0,True,False,False,False,False,False,False,False,True,False,False,False,False,False,True,False,False,True,False,False,False,False,False,True,False,31,1,1,0
292,1,1,0.0,78.0,24.0,1.0,1.0,0.0,-1,,1.0,0.0,,1.0,43.0,62.0,2.0,0,no,1,0,0,1,0,0,0,1,1,False,False,False,False,False,True,False,False,True,False,False,False,True,False,False,False,True,True,False,False,False,False,False,True,False,2,2,0,9
293,0,1,38.5,40.0,16.0,2.0,2.0,0.0,2,0.0,,0.0,2.0,2.0,37.0,67.0,0.0,0,no,0,0,0,1,0,0,1,0,1,False,False,False,True,False,False,False,True,False,False,False,False,False,False,False,False,True,True,False,False,False,False,False,True,False,0,0,0,0
294,1,1,0.0,120.0,70.0,0.0,,1.0,2,,,0.0,,4.0,55.0,65.0,0.0,0,no,1,0,0,1,0,0,1,0,1,False,False,False,False,True,False,True,False,False,False,False,False,False,False,False,False,True,True,False,False,False,False,False,True,False,3,2,0,5
295,0,1,37.2,72.0,24.0,1.0,3.0,1.0,3,2.0,2.0,0.0,0.0,1.0,44.0,0.0,3.3,1,yes,0,0,0,1,0,1,0,0,0,False,False,False,False,True,False,False,False,True,False,False,False,True,False,False,True,False,True,False,False,False,False,False,True,False,2,2,0,8
296,1,1,37.5,72.0,30.0,0.0,1.0,0.0,3,2.0,1.0,0.0,2.0,4.0,60.0,6.8,0.0,1,no,0,0,0,1,0,0,1,0,1,False,False,False,False,True,False,True,False,False,False,False,False,True,False,False,False,True,True,False,False,False,False,False,True,False,3,2,0,5
297,1,1,36.5,100.0,24.0,1.0,1.0,0.0,1,2.0,2.0,0.0,0.0,1.0,50.0,6.0,3.4,1,yes,0,0,0,1,0,0,0,0,0,False,False,False,False,False,True,False,False,True,False,False,False,True,False,False,True,False,True,False,False,False,False,False,True,False,2,2,0,8
298,1,1,37.2,40.0,20.0,,,,-1,,,0.0,0.0,0.0,36.0,62.0,1.0,0,no,0,0,0,1,0,0,0,1,0,False,False,False,False,False,False,False,False,False,False,False,False,False,True,False,False,False,True,False,False,False,False,False,True,False,6,1,1,2
